49531,植物大战僵尸2,塔防迷宫,com.popcap.pvz2xm
969074,手心捕鱼,休闲创意,com.lixxix.klfish.mi
71502,天天斗地主（真人版）,棋牌桌游,com.zengame.ttddzrb.p365you
547489,恐怖奶奶,休闲创意,com.dvloper.granny.fhp
564028,奥特曼传奇英雄,网游RPG,com.joym.legendhero.mi
424036,滚动的天空,跑酷闯关,com.turbochilli.rollingsky_cn.mi
949342,胭脂妃,模拟经营,com.cx.yzf.mi
958769,吃鸡战争,动作枪战,com.AIDASGAMESTUDIO.BattlegroundWarfare.bnn
70449,海岛奇兵,战争策略,com.supercell.boombeach.mi
457187,弓箭手大作战,休闲创意,com.cmcm.arrowio_cn.mi
964638,屠夫躲猫猫,休闲创意,com.casual.butcher.mi
94149,奇迹暖暖,模拟经营,com.tencent.tmgp.qjnn
440065,冷血射手：弓箭大师,动作枪战,com.miniclip.bowmasters
722428,新全民斗地主,棋牌桌游,com.xm.cn.qmddz.mi
839510,量子特攻,动作枪战,com.netease.lztg1.mi
842268,末日激斗,网游RPG,com.yunqu.morijidou.mi
921507,萌宅物语,休闲创意,com.hyperbeard.adorablehome.gtx
788770,滴答滴答：双人冒险,休闲创意,com.OtherTales.TickTock.mt
591276,QQ炫舞手游,休闲创意,com.tencent.tmgp.qqx5
547779,决战！平安京,网游RPG,com.netease.moba.mi
884712,美职篮2K20,赛车体育,com.t2ksports.nba2k20and
439837,英魂之刃,网游RPG,com.nd.he.mi
628144,火柴人绳索英雄2,动作枪战,com.mgc.stickman.rope.hero.two.xc
696636,激斗火柴人,休闲创意,com.example.gcloudu3ddemo.mi
429250,生死狙击,动作枪战,com.wooduan.ssjj.mi
444416,模拟城市：我是市长,模拟经营,com.ea.simcitymobile.mi
813875,乐高无限,休闲创意,com.tencent.LEGOCUBE
914554,斗地主欢乐版-单机,棋牌桌游,com.standddz006.mi
79963,炉石传说,棋牌桌游,com.blizzard.wtcg.hearthstone
967598,死亡独轮车,休闲创意,com.casual.bicycle.mi
547468,和平精英,动作枪战,com.tencent.tmgp.pubgmhd
108048,王者荣耀,网游RPG,com.tencent.tmgp.sgame
393944,迷你世界,休闲创意,com.minitech.miniworld.TMobile.mi
463427,我的世界,休闲创意,com.netease.mc.mi
463380,QQ飞车手游,赛车体育,com.tencent.tmgp.speedmobile
121542,穿越火线-枪战王者,动作枪战,com.tencent.tmgp.cf
649036,方舟：生存进化 国际版,动作枪战,com.studiowildcard.wardrumstudios.ark.ncr
46890,节奏大师,休闲创意,com.tencent.game.rhythmmaster
421915,汤姆猫跑酷,跑酷闯关,com.outfit7.talkingtomgoldrun.mi
58634,开心消消乐-限时有礼,休闲创意,com.happyelements.AndroidAnimal
445803,贪吃蛇大作战&reg;,休闲创意,com.wepie.snake.new.mi
96928,球球大作战,休闲创意,com.ztgame.bob
537978,第五人格,网游RPG,com.netease.dwrg.mi
623587,猫和老鼠,网游RPG,com.netease.tom.mi
48522,植物大战僵尸2,塔防迷宫,com.popcap.pvz2cthdxm
630604,明日之后,网游RPG,com.netease.mrzh.mi
669409,小米斗地主,棋牌桌游,com.doudz.mi
730740,樱花校园模拟器(中文版),模拟经营,jp.garud.ssimulator.mt
801638,狂野飙车9：竞速传奇,赛车体育,com.aligames.kuang.kybc.mi
450665,元气骑士,动作枪战,com.knight.union.mi
45089,欢乐麻将全集,棋牌桌游,com.qqgame.happymj
165428,火影忍者,网游RPG,com.tencent.KiHan
737417,我的汤姆猫2,休闲创意,com.outfit7.mytalkingtom2.mi
662234,逃跑吧！少年-新玩法,休闲创意,com.bairimeng.dmmdzz.mi
111494,钢琴块2,休闲创意,com.cmplay.tiles2_cn.mi
56552,我的汤姆猫,儿童益智,com.outfit7.mytalkingtomfree
769950,欢快斗地主,棋牌桌游,com.mailin.hkddz.mi
752246,节奏弹球,休闲创意,com.amanotes.beathopper.dbzq.m
812344,汤姆猫英雄跑酷,跑酷闯关,com.outfit7.herodash.mi
525075,阿拉德之怒,格斗快打,com.hegu.dnl.mi
72763,宾果消消消&reg;-消消能开店,休闲创意,com.mfp.jelly.xiaomi
810861,房屋设计师,模拟经营,com.kgs.housedesigner.gtx
558035,创造与魔法,网游RPG,com.hero.sm.mi
756555,跑跑卡丁车官方竞速版,赛车体育,com.tencent.tmgp.WePop
408,会说话的汤姆猫,儿童益智,com.outfit7.talkingtom
456975,饭局狼人,棋牌桌游,com.mewe.wolf
601775,火柴人绳索英雄,动作枪战,com.mgc.stickman.rope.hero.dbzq.m
819633,单机斗地主,棋牌桌游,com.standddz003.mi
439785,我的世界圣诞版,休闲创意,com.mojang.minecraftpe.sd
675759,火柴人对决,动作枪战,com.Neurononfire.SupremeDuelist.mt
430981,崩坏3,动作枪战,com.miHoYo.bh3.mi
408109,数独,休闲创意,com.wedobest.shudu
546264,一梦江湖,网游RPG,com.netease.wyclx.mi
653320,黑洞大作战,休闲创意,io.voodoo.holeio.mt
120449,时空召唤,网游RPG,com.yinhan.skzh.mi
736202,火柴人战争：遗产,战争策略,com.csdj.hcrYC.mi
96929,纪念碑谷,休闲创意,com.ustwo.monumentvalleyzz
661497,新斗罗大陆,网游RPG,com.qidian.dldl.mi
468349,最强NBA,赛车体育,com.tencent.tmgp.NBA
663423,闪耀暖暖,网游RPG,com.papegames.nn4.mi
388367,小米超神,网游RPG,me.zhuque.moba.mi
890248,神兽来了,模拟经营,com.miaoju.ssll.mi
459084,单机麻将,棋牌桌游,com.mahjong.danji.mi.mi
982563,死亡车轮,休闲创意,com.fancyforce.happywheels.bnn
691418,完美世界,网游RPG,com.tencent.wmsj
755321,一刀传世-免费送VIP,网游RPG,com.sy.ydcs.mi
812190,同桌大作战,休闲创意,com.wedobest.hdxy.mi
967548,摇钱树,休闲创意,com.yaoqianshu.mi
982567,全民烧脑,休闲创意,com.wonder.qmsn.mi
58673,消灭星星全新版,休闲创意,com.brianbaek.popstar
925811,豆腐女孩,休闲创意,jp.usaya.tofu.bnn
910580,汤姆猫大冒险,休闲创意,com.outfit7.jinke.tomddqb.mi
25940,地铁跑酷,跑酷闯关,com.kiloo.subwaysurf
263189,部落冲突,战争策略,com.supercell.clashofclans.mi
509623,荒野行动,动作枪战,com.netease.hyxd.mi
21629,神庙逃亡2-开学有礼,跑酷闯关,com.imangi.templerun2
968111,全民来养猪,休闲创意,com.yangzhu.mi
25446,JJ斗地主,棋牌桌游,cn.jj
800567,混沌起源-年兽坐骑,网游RPG,com.sy.szjcz.mi
844176,重装上阵,战争策略,com.netease.wxzc.mi
732019,快游戏,休闲创意,com.h5gamecenter.h2mgc
677189,生化围城,战争策略,com.huiyao.shwc.mi
79242,我的安吉拉,儿童益智,com.outfit7.mytalkingangelafree
296916,皇室战争,战争策略,com.supercell.clashroyale.mi
649733,忍者必须死3,跑酷闯关,com.pandadastudio.ninjamustdie3.mi
728148,斗罗大陆-天使贺岁,网游RPG,com.m37.dldl.mi
48217,天天酷跑,跑酷闯关,com.tencent.pao
9436,超级玛丽,跑酷闯关,com.flyfish.supermario
844226,保卫萝卜3,塔防迷宫,com.feiyu.carrot3.mi
509823,狼人杀,棋牌桌游,com.netease.lrs.mi
444096,模拟山羊,休闲创意,com.coffeestainstudios.goatsimulator.elm
922812,剑与远征,网游RPG,com.lilithgames.afk.mi
395801,阴阳师,网游RPG,com.netease.onmyoji.mi
75420,天天象棋,棋牌桌游,com.tencent.qqgame.xq
106432,三国杀,棋牌桌游,com.bf.sgs.hdexp.mi
683522,王牌战士,动作枪战,com.tencent.af
775668,天天爱捕鱼,休闲创意,com.haofei.ttaby.mi
441613,小鳄鱼爱洗澡,休闲创意,com.disney.WMW.elm
747517,风云岛行动,网游RPG,com.netease.lx7.mi
941082,像素射击战场,动作枪战,com.joydo.minestrikenew.xcw
106181,腾讯桌球,棋牌桌游,com.tencent.pocket
800480,见,休闲创意,com.tencent.jian
887546,我的小家,休闲创意,com.kunpo.myhome.mi
937408,暗黑前传-卡牌养成游戏,网游RPG,com.game.anheiqz.mi
44095,英雄杀,网游RPG,com.qqgame.mic
593310,数字华容道,休闲创意,com.wedobest.szhrd.mi
685516,蜘蛛侠绳索英雄(中文版),动作枪战,com.hgamesart.ropeboy.dbzq.m
687681,芭比梦幻屋冒险,休闲创意,com.budgestudios.googleplay.BarbieDreamhouse.dbzq.m
812775,模拟山羊：太空废物,模拟经营,com.coffeestainstudios.goatsimulator.wasteofspace.dbzq.m
927031,CS跳跃模拟器,动作枪战,com.begma.bhoppro.bnn
914386,天天斗地主-单机版,棋牌桌游,com.standddz008.mi
927715,一起优诺,休闲创意,com.netease.yqyn.mi
691633,迷你工艺探索,模拟经营,com.newgenerationcraftgame.mbigames.mg
789366,闪烁之光,网游RPG,com.shiyue.sszg.mi
598554,实况足球,赛车体育,com.netease.pes.mi
784339,堡垒前线,动作枪战,com.netease.blqx.mi
722634,装修模拟器,塔防迷宫,com.malumapplications.renovatensale.dbzq.m
963711,锦绣未央,模拟经营,com.letu.jxwy.mi
54776,保卫萝卜2,塔防迷宫,com.carrot.iceworld
371994,三国战纪,格斗快打,com.enjoymi.sgzj.mi
690292,托卡世界,模拟经营,com.tocaboca.tocalifeworld
493,会说话的汤姆猫2,儿童益智,com.outfit7.talkingtom2free
55354,熊出没之熊大快跑,跑酷闯关,com.joym.xiongdakuaipao
112112,波克捕鱼,休闲创意,com.pokercity.bydrqp.mi
463605,高校模拟器2018,模拟经营,com.kumagames.highschoolsimulator2018.kyx.m
507974,五子棋,棋牌桌游,com.wedobest.fivechess.mi
536559,恋与制作人,模拟经营,com.papegames.evol.mi
605943,FIFA足球世界,赛车体育,com.tencent.fifamobile
649864,我的夏季世界,休闲创意,br.blockworld.junio.tm
757948,植物大战僵尸全明星,塔防迷宫,com.njyy.pvzqmx.mi
354874,倩女幽魂,网游RPG,com.netease.l10.mi
442782,水果忍者,休闲创意,com.halfbrick.fruitninja.gld
752337,森林冰火人,休闲创意,com.osloalbet.fb.dbzq.m
933586,模拟山羊：收获日,休闲创意,com.coffeestainstudios.goatsimulator.payday.elm
507809,纪念碑谷2,休闲创意,com.tencent.tmgp.jnbg2
535946,光荣使命：使命行动,动作枪战,com.tencent.cldts
807396,逃出银河系-木筏荒岛求生,模拟经营,com.tcyhx.game.mi
104245,仙剑幻境-问道江湖,网游RPG,com.platform2y9y.youai.common.xianjianhj.mi
536530,非人学园,网游RPG,com.netease.frxy.mi
752213,减压游戏-Antistress,休闲创意,com.JindoBlu.Antistress.mt
23867,保卫萝卜,休闲创意,com.carrot.carrotfantasy
80466,滑雪大冒险,跑酷闯关,com.yodo1.SkiSafari.XIAOMI_01
103249,率土之滨,战争策略,com.netease.stzb.mi
558042,麻将来了,棋牌桌游,com.tencent.tmgp.ttmj
625760,终极赛车,赛车体育,com.sir.racing.ultimatecardrivingsimulator.xc
793021,玄元剑仙,休闲创意,com.xyjx.hardtime.mi
793885,新笑傲江湖,网游RPG,com.pwrd.xxajh.mi
810788,美味蓝色星球,休闲创意,com.dingogames.tastyblue.gtx
904408,校园生活模拟器2,模拟经营,com.tttery.SchoolLifeSimulator2.gtx
943973,贪吃蛇进化论,休闲创意,com.woyou.snakemerge.mi
258928,赛车驾驶模拟,赛车体育,qiche.jiashi.moni
625035,突击队幸存者,动作枪战,com.ubmgames.ig.pub.royale.prison.escape.playerunknown.pt
642505,飞行模拟器3D,飞行空战,com.freegames.flightsimulatorairplanepilot.mg
666190,麻将经典版,棋牌桌游,com.zongyimajiangxin.mi
690596,红警OL,战争策略,com.tencent.tmgp.hjol
753771,奥特曼之格斗超人,格斗快打,com.joym.combatman.mi
71507,四川麻将（血战到底）,棋牌桌游,com.zengame.hlscmj.p365you
690433,枪支模拟器2,模拟经营,air.com.oranginalplan.weaphonesvol2free.mt
738457,想不想修真,网游RPG,com.lywl.xbxxz.mi
946847,不能一败涂地,动作枪战,com.flati.humangame.bnn
447138,鳄鱼小顽皮爱洗澡,儿童益智,com.eyuxizao.fifa
564480,王牌战争,动作枪战,com.yingxiong.hero.mi
629401,奥特曼格斗进化0,动作枪战,com.xcpsp.atmgdjh0.xc
549609,木筏求生：绝地生存,模拟经营,com.raftsurvival.raft.xc
884196,磁铁游戏,休闲创意,com.dragnshape.pushthehole.gtx
930621,捣蛋鹅,休闲创意,com.untitled.goose.game.gtx
438341,我的迷你世界,模拟经营,com.mojang.minecraftpe.elm
812824,欢乐斗地主-单机版,棋牌桌游,com.standddz002.mi
947162,脑洞大师-最强大脑,休闲创意,com.yunbu.brainout.mi
625718,掘地求升,休闲创意,com.noodlecake.gettingoverit.xc
464014,我的汉克狗,休闲创意,com.outfit7.mytalkinghank.mi
641304,汤姆猫的摩托艇,跑酷闯关,com.outfit7.talkingtomjetski.mi
803044,红蓝大作战2,休闲创意,virus2.zhixuantang.mi
808589,葫芦兄弟:七子降妖,网游RPG,com.hoolai.qzxy.mi
956969,救救宝宝,休闲创意,com.dw.jjbb.mi
818053,少年三国志2,网游RPG,com.youzu.snsgz2.mi
821203,二战生存射击游戏,战争策略,com.gamefeast.war.sniper.survival.hero.shooting.ww2.xye
628146,火柴人绳索英雄,动作枪战,com.mgc.stickman.rope.hero.xc
793914,三国志&middot;战略版,战争策略,com.aligames.sgzzlb.mi
429232,疯狂动物园,跑酷闯关,com.yodo1.rodeo.mi
442065,阿尔托的冒险,休闲创意,com.noodlecake.altosadventure.elm
873108,全民五子棋,棋牌桌游,com.moye.gobang.mi
75218,登山赛车,休闲创意,com.fingersoft.hillclimb.noncmcc
88246,梦幻西游-神鼠降临,网游RPG,com.netease.my.mi
816375,风,休闲创意,com.islands.wind.gtx
888058,恐怖奶奶2,休闲创意,com.dvloper.grannychaptertwo.bnn
969441,阳光摇钱树,休闲创意,com.zhongshu.mi
441722,贪吃蛇大战,休闲创意,com.soulgame.slithersg.mi
959160,首富特烦恼,休闲创意,com.shengtang.shoufutefannao.mi
47258,单机斗地主,棋牌桌游,com.tuyou.doudizhu.mi
905412,恐怖冰淇淋,休闲创意,com.keplerians.icescream.bnn
792679,多多自走棋,战争策略,com.ilongyuan.autochess.ly_pre
961429,我爱拼模型,休闲创意,com.puzzle.miniworld.mi
647801,模拟山羊MMO,模拟经营,com.coffeestainstudios.goatsimulator.mmo.dbzq.m
803013,最强的大脑,休闲创意,com.wonder.zqddn.mi
816967,宝贝原生-皮卡丘送豪礼,网游RPG,com.woqugame.gnxjl.mi
77641,消消星星乐：最新版,休闲创意,com.pfu.popstar
78852,多乐够级,棋牌桌游,com.k7k7.goujihd.mi
737890,超级兔子人,休闲创意,catobyte.superbunnyman.mt
946675,决斗火柴人,格斗快打,com.waterdrop.stickman.mi
947588,花之舞,模拟经营,com.duige.hzw.mi
84489,饥饿鲨：进化,休闲创意,com.fgol.xiaomi
509592,跳舞的线,休闲创意,com.cmplay.dancingline.mi
536426,叫我万岁爷,模拟经营,com.wsy.wansuiye.mi
629402,像素吃鸡,动作枪战,com.azurgame.BattleGroundRoyale.xc
806235,阴阳师:百闻牌,战争策略,com.netease.yysbwp.mi
457036,火柴人联盟2,格斗快打,com.games.hc.acing.mi
546130,烧杯,休闲创意,air.thix.sciencesense.beaker.fhp
813182,小游戏盒子,休闲创意,com.adp.gamebox.gtx
851204,奇葩战斗家,休闲创意,com.leiting.daluandou.mi
546272,汤姆猫水上乐园,儿童益智,com.outfit7.talkingtompool.mi
587912,战争艺术：无限进化,战争策略,com.yxkx.zzys.mi
805334,龙族幻想,网游RPG,com.tencent.lzhx
866612,神庙逃亡,跑酷闯关,com.appmag.endless.templer
872114,超级驾驶-模拟3D客车,模拟经营,com.tianyi.cjjs.game.mi
913020,火柴人对决2,动作枪战,com.spider.stickman.warriors.stick.fight.bnn
106069,火线精英,动作枪战,com.hxjy.union.mi
460079,口袋日月,网游RPG,com.saturngame.pm2.mi
675334,狙击行动,动作枪战,com.fungames.sniper3d.mi
685433,火影忍者：忍者新世代,网游RPG,com.tencent.hyrzol
792586,商道高手-全民大富豪,模拟经营,com.greatefunhy.sdgs.mi
796797,音乐球球跳跃,休闲创意,com.yifeng.musicball.mi
797860,众神之下-高爆魔幻奇迹,网游RPG,com.zsgl.zszx.mi
804814,人类面条人,动作枪战,com.rn.humanity.mt
827414,车祸模拟器：竞技场,赛车体育,com.canvas.car.crash.beam.car.jump.arena.gtx
942565,会说话的金杰猫2,儿童益智,com.outfit7.gingersbirthdayfree.mi
964623,托卡生活：放学后,模拟经营,com.tocaboca.tocaafterschool.xsl
44049,极品飞车：最高通缉,赛车体育,com.ea.games.nfs13_row
53260,天天飞车,赛车体育,com.tencent.game.SSGame
55306,愤怒的小鸟,休闲创意,com.rovio.angrybirds.xm
101153,魂斗罗：归来,动作枪战,com.tencent.shootgame
460172,终结战场,动作枪战,com.netease.zjz.mi
577902,开心跳一跳,休闲创意,com.fingertip.tyt.mi
965153,死神VS火影绊,格斗快打,com.jarworld.bleach.bvn.bnn
968025,火柴人向前冲,休闲创意,com.huochairenxqc.mi
124039,密室逃脱1逃离地牢,休闲创意,com.martian.RoomEscape1.mi
419802,拖拉机,棋牌桌游,com.javgame.tlj.mi
643637,学校女生模拟器,动作枪战,com.Meromsoft.SchoolGirlsSimulator.mt
691628,猫咪跑酷：建设公寓,跑酷闯关,com.solou.catendless.run.mg
746024,闹闹天宫-腾讯国风竞技,格斗快打,com.tencent.nntg.linekong
963169,全民象棋,棋牌桌游,com.sixdynasties.hchess.mi
968043,厨房模拟器,模拟经营,com.cook.sim.bake.food.bnn
24652,真实赛车3,赛车体育,com.ea.games.r3_row
82157,全民突击,动作枪战,com.tencent.WeFire
428927,火柴蜘蛛侠英雄,动作枪战,com.mttt.rope
431086,奥特曼进化格斗0,格斗快打,com.stemu.psp.atmgdjh
503017,梦幻花园-魅力值作战,休闲创意,com.ledou.mhhy.mi
510028,超级玛丽,动作枪战,com.xcnes.cjml.xc
786632,拉力赛车3,赛车体育,brownmonster.app.game.rushrally3.mt
833206,食物语,网游RPG,com.tencent.swy
549715,放学别跑,动作枪战,com.ilongyuan.fxbp.mi
638619,卡车模拟2018,模拟经营,com.zuuks.truck.simulator.euro.mg
643671,饥荒：海难,休闲创意,com.kleientertainment.doNotStarveShipwrecked.mt
666561,像素射击,动作枪战,com.DoPrj.FPSPixelShot.mt
685333,画个车,休闲创意,com.lemonjamstudio.drawacar.mi
723726,女生迷你世界,休闲创意,com.freecraftingadventuregames.princess.girls.dbzq.m
738255,快乐小鸡游戏,儿童益智,com.melestudio.HappyChick.mi
743170,奥特曼热血英雄,网游RPG,com.joygame.atm.mi
834130,菲梦少女,儿童益智,cn.ultralisk.game44s.mi
961331,我切肥皂贼6,休闲创意,com.crazylabs.soap.cutting.gtx
964622,托卡生活：假期,休闲创意,com.tocaboca.tocavacation.xsl
82693,剑之刃-修仙江湖剑侠,格斗快打,com.p2y9y.jzr.mi
445610,辐射避难所,模拟经营,com.shandagames.falloutshelter.mi
622936,八分音符酱,休闲创意,jp.ne.freem.YASUHATI.xc
690043,真实枪支模拟器,模拟经营,air.com.oranginalplan.weaphonesfree.dbzq.m
697002,时尚娃娃美妆游戏,休闲创意,net.fashiondollinc.android_shoppingsalon.dbzq.m
771894,恐龙快打,动作枪战,com.chaoji.konglongkuaida.mt
937339,盗贼大师,休闲创意,com.ketchapp.museumthief.bnn
982539,趣味攀登者,休闲创意,com.appadvisory.drawclimber.gtx
106328,三国杀,棋牌桌游,com.bf.sgs.mi
112972,热血弑神-复古高爆传奇,格斗快打,com.p2y9y.common.rexuess.mi
464021,奶块-新春活动,网游RPG,com.next.netcraft.mi
629296,美食烹饪家-餐厅大厨,模拟经营,com.yunbu.cookingchef.mi
666969,游戏机被老妈藏起来了,休闲创意,air.jp.ne.hap.mom.mt
757278,我的世界工艺方块,休闲创意,mini.block.craft.free.mc.mt
793113,剑网3：指尖江湖,网游RPG,com.tencent.tmgp.jx3m
882676,DIY史莱姆制造者,儿童益智,com.youngmedia.android_diyslime.mi
895418,斗地主免费版,棋牌桌游,com.doudzad.mi
913586,推倒就完事了,休闲创意,com.xmgame.rollingdomino.mg
98630,熹妃传,网游RPG,com.GF.PalaceM2_cn_cn.hwy_android_xiaomi.mi
724362,小偷模拟器,休闲创意,com.vinegargames.virtual.thief.simulator.game.mg
737856,枪袭之战,动作枪战,com.idoing.linefirefree.dbzq.m
749950,自由之战,格斗快打,com.dw.fff.mi
761885,4人迷你游戏,休闲创意,com.ction.playergames.mg
819635,海绵宝宝世界,休闲创意,com.gamebob.yellowbottom.gtx
824729,火柴人监狱大逃亡,休闲创意,air.com.puffballsunited.escapingtheprison.gtx
915388,美味深蓝,休闲创意,com.redwoods.mwsl.mi
20089,会说话的安吉拉,休闲创意,com.outfit7.talkingangelafree
64325,开心消消乐-PAD版,休闲创意,com.happyelements.AndroidAnimal.mi
251666,问道,网游RPG,com.gbits.atm.mi
637954,猫里奥大冒险,塔防迷宫,com.gorkaramirez.syobonactionhalloween.mg
665882,汤姆猫战营,战争策略,com.outfit7.talkingtomcamp.mi
671058,航海王：燃烧意志,网游RPG,com.pkwan.op.mi
754253,橙光,休闲创意,com.sixrpg.opalyer.cg.mi
793890,奥拉星,网游RPG,com.baitian.alx.alxsy.mi
823684,全民大富豪,模拟经营,com.ds.qmdfh.mi
841190,沙盒战斗模拟器,战争策略,com.mage.simulator.ox.gtx
870372,战双帕弥什,网游RPG,com.kurogame.haru.mi
455099,单机麻将大全,棋牌桌游,com.mahjong.nb
672109,超级粘液模拟器3,休闲创意,com.dramaton.slime.mt
673563,突击队行动：吃鸡,动作枪战,com.critical.strike.shoot.fire.fssc.dbzq.m
680222,高校模拟2020,模拟经营,com.kumagames.hss2019preview.dbzq.m
683061,火柴人越狱,动作枪战,com.nbify.stickman.prison.counter.assault.mt
693418,美味星球：永恒,休闲创意,com.dingogames.tastyplanet4.mt
747478,钢铁机器人英雄,战争策略,com.ycoolgame.riseofsteel.mg
774166,合金弹头,动作枪战,com.MAME4droid.mslug.mt
846518,仙之缘-3D仙侠情缘,网游RPG,com.fml.xianzy.mi
939475,末日进化,战争策略,com.amfe.mrjh.mi
57961,雷霆战机,飞行空战,com.tencent.clover
77110,魔域口袋版,网游RPG,com.tq.mykd.android.mi
924183,托卡发型师,休闲创意,com.tocaboca.tocahairsalon3.xsl
948404,少女都市3D,休闲创意,com.shoujocity.sc3d_1.xsl
953647,恐怖冰淇淋2,休闲创意,com.keplerians.icescreamtwo.xcw
106799,梦想城镇,模拟经营,com.playrix.township.chukong.mi
508252,枪神对决,动作枪战,com.dodjoy.qhzs.mi
546837,二战狙击手：最后的战场,战争策略,com.blockot.call.of.sniper.ww2.fhp
667702,300大作战,网游RPG,com.jumpw.mobile300.mi
112719,梦幻仙缘-仙侠修仙,格斗快打,org.mxxx.suyou.qycom.mi
179315,奥特曼系列OL,网游RPG,com.metek.ultraman.mi
444441,火柴人绳索英雄2,动作枪战,com.mgc.stickman.rope.hero.two
462431,英雄枪战,动作枪战,com.qzyx2.union.mi
558040,喵星大作战,休闲创意,com.cats.idreamsky.mi
656197,经典俄罗斯方块,休闲创意,techmasterplus.blockpuzzleclassic.dbzq.m
665846,你好邻居,动作枪战,com.tinybuildgames.helloneighbor.mt
698999,音乐球球,休闲创意,com.nama.justonetap.dbzq.m
791388,非常普通的鹿,模拟经营,com.CyberGoldfinch.DeerSimulator.bnn
812342,梦幻西游三维版,网游RPG,com.netease.xy3d.mi
44197,天天爱消除（葫芦兄弟版）,休闲创意,com.tencent.peng
431353,满贯捕鱼,休闲创意,fish.soonyo.mi
445036,蛇蛇争霸-S1赛季全新开启,休闲创意,com.bairimeng.snake.mi
465880,叶罗丽精灵梦,模拟经营,cn.ultralisk.gameapp.game23.wali
638502,死亡独轮车,赛车体育,com.happyman.riding.wheels.glory.mg
643780,拳皇97 风云再起,格斗快打,com.milk.emu.kof97.dbzq.m
860532,追忆三国群英传,战争策略,com.duogu.sanguo.hero.xsl
950047,全力冲刺,跑酷闯关,com.wb.qlcc.mi
958117,出租车模拟2020,模拟经营,com.ovilex.taxisim2019.bnn
57622,天天炫斗,休闲创意,com.tencent.game.VXDGame
82537,草莓公主跑酷,跑酷闯关,com.miniclip.berryrushmi
199795,造梦西游OL,网游RPG,com.zmxyol.union.mi
440094,模拟人生：自由行动,模拟经营,com.ea.games.simsfreeplay_na.elm
121110,多乐跑得快,棋牌桌游,com.duole.paodekuai.mi
441614,小鳄鱼爱洗澡2,休闲创意,com.disney.wheresmywater2_goo.elm
624154,传奇盛世2,网游RPG,com.sanjiu.cqss2.mi
671980,Uno纸牌游戏,休闲创意,uno.buddies.cards.mg
674581,黑洞大作战,休闲创意,com.moli.minigame.hole.mi
685558,跳舞音乐球,休闲创意,com.amanotes.pamamagictwist.dbzq.m
688050,粉彩少女,休闲创意,com.percent.mybest3.pt
786253,安吉拉爱装扮,儿童益智,com.outfit7.talkingangeladressup.mi
940890,恐怖模拟山羊,模拟经营,com.coffeestainstudios.Horrorgoat.xsl
190779,多乐升级,棋牌桌游,com.k7k7.shengjihd.mi
429987,命运-冠位指定,网游RPG,com.bilibili.fgo.mi
456351,我的熊大熊二,模拟经营,com.soulgame.bear.mi
459555,乱世王者,战争策略,com.tencent.tmgp.wec
462432,口袋妖怪联盟,网游RPG,com.fugame.pmgame.mi
462468,画个火柴人2,休闲创意,com.hitcents.drawastickmanepic2free.fhp
466366,荒岛求生,休闲创意,com.dygame.hyqs.mi
505295,竞暴捕鱼,休闲创意,com.jbby.hlsk.mi
638520,姬魔恋战纪,网游RPG,com.yile.game.jmlzj.mi
666827,阿尔托的奥德赛,休闲创意,com.ndc.altosodyssey.dbzq.m
682882,皇帝成长计划2,模拟经营,com.xm4399.hdczjh2.mi
698389,飞机驾驶员模拟器,模拟经营,com.gamesorbit.airplane.flight.simulator.mt
793910,灌篮高手 正版授权手游,赛车体育,com.denachina.g13002010.mi
818149,俄罗斯方块2019,休闲创意,classic.brick.games.tetris.gtx
821709,小花仙,模拟经营,com.taomee.huafengxinzi.mi
879196,我的解压神器2,休闲创意,com.zsfz.wdjysq2.mi
912182,真实驾驶模拟,赛车体育,com.ovilex.realdrivingsim.gtx
924323,决战火柴人,格斗快打,com.supreme.spider.stickmanwarriors.stickfight.twoplayergame.bnn
954523,我的大刀四十米,休闲创意,com.sleepfly.longswords.mi
78954,多乐保皇,棋牌桌游,com.k7k7.BaoHuang.mi
117639,撞头赛车,休闲创意,com.dodreams.driveahead
687953,简易人体造型-easy poser,休闲创意,com.madcat.easyposer.dbzq.m
689225,少女约会,休闲创意,com.shoujocity.sc3d.mg
691559,爷爷送我上学,休闲创意,com.galaxyactiongames.virtual.grandpa.schoolkids.dbzq.m
697008,愤怒的小鸟2,休闲创意,com.rovio.baba.dbzq.m
751375,托卡都市,休闲创意,com.tocaboca.tocacity.mt
779324,神偷模拟器,动作枪战,com.mighty.heist.thief.game.elm
802072,我的起源,网游RPG,com.tencent.wdqy
814923,离家的猫-养个猫儿子,休闲创意,com.yd.ljdm.mi
946331,父亲送儿子上学,赛车体育,com.mayhem.happy.obstacle.course.wheels.xsl
959143,天地劫-山海经万兽录,网游RPG,com.tiandijie.mi
962886,口袋妖怪:刽曜之影,模拟经营,com.kdyg.kyzy027.bnn
441668,奥特曼之热血格斗,动作枪战,com.sg.atmrxgd.mi
548480,砖块破碎机,休闲创意,com.fujicubesoft.ManyBricksBreaker.fhp
549922,造梦西游4,网游RPG,org.cocos2dx.zmxy.mi
577323,蝴蝶钢琴,休闲创意,pink.tap.butterfly.piano.tiles.xc
636978,真实泊车2,赛车体育,com.genetic.realcarparking2.mt
683114,井字游戏,休闲创意,com.arcsys.tictactoe.dbzq.m
728046,兰博汽车模拟器,赛车体育,com.OppanaGames.Lamborghini.dbzq.m
760900,绘真&middot;妙笔千山,休闲创意,com.netease.hzmbqs.mi
787949,放学别走,休闲创意,ebc.fxbz.mi
859862,爱莎化妆公主游戏,休闲创意,com.melestudio.PrincessMakeUp.mi
943253,网吧模拟器,模拟经营,com.CheesecakeDev.InternetCafeSimulator.mt
964620,托卡生活：农场,模拟经营,com.tocaboca.tocalifefarm.xsl
985499,猎魔无双-魔幻策略放置,休闲创意,com.game.liemows.mi
76916,途游斗地主,棋牌桌游,com.tuyoo.tudoudizhu.mi
142391,单机星星消消乐,休闲创意,com.tsw.starcrush.mi
440745,病娇模拟器,休闲创意,com.teaandcakegames.yandere.st.elm
443706,登山赛车2,赛车体育,com.fingersoft.hcr2.cn.noncmcc.mi
443955,街头篮球,赛车体育,com.tencent.freestyle
452344,NBA篮球大师,赛车体育,com.galasports.basketball.mi
454769,密室逃脱15神秘宫殿,休闲创意,com.martian.RoomEscape15.mi
534823,坦克世界闪击战,战争策略,com.netease.wotb.mi
558857,战地生存,动作枪战,com.modernshootinggames.last.battle.survival.speed.force.xc
558880,合金弹头HD,动作枪战,com.rabokontraclassic.soldiershooter.xc
563455,泰拉瑞亚,休闲创意,com.idreamsky.terraria.mi
667686,现代战机,飞行空战,com.EvilChaotic.ModernWarplanes.mt
674732,我的冒险世界,休闲创意,com.smartcraft.live.explore.mt
679100,终极武器模拟器,模拟经营,com.eweapons.ultimateweaponsimulator.dbzq.m
690906,美职篮2K19,赛车体育,com.t2ksports.nba2k19and
698223,生存战争吃鸡战,动作枪战,com.gamefeast.ww2.battleground.survival.war.shooting.dbzq.m
698441,叶罗丽美颜公主,儿童益智,cn.ultralisk.gameapp.game37.mi
772648,三国志2,动作枪战,com.neogeo.sanguozhi2.mt
798261,甜品王国历险记,休闲创意,com.mhct.mi
844408,三国志7,动作枪战,com.koeitecmo.San7.bnn
864036,我的第一次,休闲创意,com.e8game.wddyc.mi
909290,芭比梦幻屋冒险,模拟经营,com.mobbanana.bbmhwmx.mi
914556,小米斗地主-单机版,棋牌桌游,com.standddz007.mi
954423,地狱边境,跑酷闯关,com.playdead.limbo.full.bnn
962835,亲别挡路,休闲创意,com.pushdown.wipe.action.spring.off
122156,航海王强者之路,网游RPG,com.shanghailvbing.hhw.mi
505229,矢量跑酷1,休闲创意,com.nekki.vector.paid.fhp
656178,暗影格斗2,格斗快打,com.nekki.shadowfight.mt
673386,魔神战纪2-3D魔幻世界,网游RPG,com.youai.mszj.mi
673421,我的世界挖矿版,休闲创意,com.mjminecra.mi
684781,恐怖老师,休闲创意,com.zakg.scaryteacher.hellgame.mt
691650,左轮手枪模拟器,休闲创意,com.eweapons.revolvergunssim.mg
699537,换装暖暖,休闲创意,com.newday.decogirl.dbzq.m
741132,捕鱼金手指-捕鱼达人,休闲创意,com.xdd.byjsz.mi
748566,植物大战木乃伊-僵尸生存,塔防迷宫,com.yifeng.plantwar.mi
775138,魂斗罗FC版,动作枪战,com.xcnes.hundouluo.mt
925224,超级粘液模拟器2020,模拟经营,com.cidersoftware.slime.gtx
930639,方舟是家：生存之地,动作枪战,com.seacraft.surviving.survivalisland.bnn
942615,叶罗丽花园梦,儿童益智,com.ultralisk.gameapp.game56.mi
955727,光头探长,休闲创意,com.glee.policestories.mi
958123,汤姆猫空中旅行,休闲创意,com.outfit7.talkingtomskyrun.xsl
54227,全民飞机大战,飞行空战,com.tencent.feiji
84918,掼蛋,棋牌桌游,com.guandan.mi
156436,欧洲卡车司机模拟器,模拟经营,com.ovilex.eurotruckdriver
430390,一起来飞车,赛车体育,com.wyd.hero.yqlfc.cb1.mi
449309,热血江湖,网游RPG,com.longtugame.rxjh.mi
452297,弹弹堂,休闲创意,com.tencent.tmgp.ddtank
456343,梦门,休闲创意,com.YY.Droom.elm
457110,火力全开2：城市狂热,赛车体育,com.MadOut.BIG
464062,密室逃脱：挑战100个房间,休闲创意,com.andygames.escapethe100room2.fhp
507097,象棋,休闲创意,com.wedobest.xiangqi.mi
557253,口袋决斗-口袋妖怪决斗,网游RPG,com.saturngame.kdjd.mi
646293,梦幻千炮捕鱼-捕鱼达人,休闲创意,com.bmyx.mhqp.mi
671732,怨宅,休闲创意,jp.edges.horror.dbzq.m
672134,升级80分,棋牌桌游,com.shengji.mi
678947,仙风道骨-仙侠恋爱修仙,网游RPG,com.game.xianfengdg.mi
679104,奥特曼格斗进化1,格斗快打,com.ps.game001.dbzq.m
690041,超级粘液模拟器2,休闲创意,ru.arappsandgames.handdiyslimesimulator2.dbzq.m
693517,画游戏,休闲创意,com.korrisoft.draw.your.game.dbzq.m
694413,双人对战游戏,休闲创意,com.apesoup.action424.mg
699600,儿童吃鸡战,动作枪战,com.gv.xfield.paintball.battle.arena.mt
723831,超级坦克,休闲创意,com.topfreegame.tank.battlecity.classic.mg
724867,公主时尚美妆达人,休闲创意,com.fatcat.LongHairPrincessTalent.dbzq.m
726845,史莱姆粘液模拟,休闲创意,com.oddlysatisfying.slimegame.dbzq.m
728709,罪恶都市,赛车体育,com.gta.thug.mt
766622,直升机机器人战斗,动作枪战,com.nc.robot.helicopter.dbzq.m
821723,虚荣,战争策略,com.superevilmegacorp.game.nesh.mi
822934,托卡：医院,休闲创意,com.tocaboca.tocahospital.gtx
883546,木筏冒险,模拟经营,ccoolgame.nomad.survival.simulator.mi
890568,女孩爱化妆,儿童益智,com.mystylinglounge.android_skinsalon.gtx
902248,御剑红尘,网游RPG,com.planet.yujian.mi
921511,我速滑贼6,休闲创意,com.topchopgames.skyroller.gtx
965791,装修设计模拟器,休闲创意,fr.anuman.HomeDesign3D.bnn
7439,QQ农场,模拟经营,air.com.tencent.qqfarmios
89631,暗黑魔神-3D魔域奇迹,网游RPG,com.p2y9y.ahms.mi
207717,谁是卧底,休闲创意,com.qbankilltext.hualu.mi
453101,战斗模拟器2,战争策略,com.rappidstudios.simulatorbattlephysics
461275,奥特曼正义降临,格斗快打,com.huale.justicearrive.mi
461941,迷你像素世界,休闲创意,com.ajgk.ksjgl.fhp
547769,水上公园跑酷,休闲创意,com.zact.water.park.stuntman.game.free.xc
578244,宫廷计手游,网游RPG,com.PB.palacem4cncn.hwyad.mi
587974,天空球,休闲创意,com.ketchapp.skyball.fhp
598580,当妈模拟器,模拟经营,com.te.virtual.mother.family.simulator.pt
655663,跳一跳,休闲创意,com.codehua.jump.mt
655673,海洋家园生存岛,模拟经营,com.birdydogstudio.oceanishome.mg
657290,跳一跳达人-欢乐游戏,休闲创意,com.huoshe.tytdr.mi
684338,数独,休闲创意,com.easybrain.sudoku.android.dbzq.m
685354,飞行棋,棋牌桌游,com.flyfish.ludo
685496,皇家战场吃鸡战,动作枪战,com.blackteastudio.battlegrounds.dbzq.m
698170,山羊模拟器,动作枪战,com.superherogames.goatsim.dbzq.m
742797,刀剑大作战,休闲创意,com.wepie.blade.mi
780933,一起来捉妖,休闲创意,com.tencent.gwgo
818030,街头赛车,赛车体育,com.ivymobile.streetracing.mi
853652,多乐麻将,棋牌桌游,com.duole.duolemjhd.mi
912430,剑仙轩辕志-热血江湖剑侠,网游RPG,com.game.jianxianxyz.mi
913126,我的米加小镇公寓,休闲创意,com.miga.myapartment.xsl
803108,绝地射击战场2019,动作枪战,com.timuzgames.fpsbattle.bnn
807364,创造迷你世界,模拟经营,com.mojang.minecrafttrialpe.xsl
814972,拳击对决：双人,休闲创意,com.pluto.boxing.gtx
855784,高校恋爱模拟器,模拟经营,com.mgs.high.school.girl.love.story.games.bnn
867350,铁锈战争,战争策略,com.corrodinggames.rts.gtx
883312,像素人派对,动作枪战,com.DefaultCompany.UnitzBattlegrounds.mi
892880,我要当国王,休闲创意,com.redwoods.wydgw.mi
921054,天梨数独,休闲创意,com.zhiyu.tlsd.mi
941389,叶罗丽娃娃店,儿童益智,com.ultralisk.gameapp.game70.mi
952903,杜德模拟器,休闲创意,com.dude.simulator.bnn
967546,方块吞噬黑洞,休闲创意,com.stickBlocksthesticking.MS.xsl
986530,会说话的狗狗本,休闲创意,com.outfit7.talkingben.gtx
44464,恋舞OL-金鼠闹春,休闲创意,com.ddianle.lovedance.mi
57311,皇家守卫军前线,塔防迷宫,com.ironhidegames.android.kingdomrushfrontiers
90592,拳皇97OL,格斗快打,com.ledo.kof97ol.az.mi
99876,方块合合乐-俄罗斯消除,休闲创意,com.pdragon.HD1010
206388,公路骑手,赛车体育,com.skgames.trafficrider
274913,葫芦娃,网游RPG,com.gamedo.hlx.mi
279902,口袋妖怪：永恒之沫,休闲创意,xl.gba.yhzm000000000
323210,巅峰战舰,动作枪战,com.yingxiong.dfzj.mi
441197,特种部队小组2,动作枪战,com.ForgeGames.SpecialForcesGroup2.elm
445045,海滨消消乐-挚爱之心,休闲创意,com.happyelements.AndroidClover.mob
462907,我的世界故事模式：第二季,休闲创意,com.telltalegames.minecraft200
466603,老爸是小偷,动作枪战,com.rebeltwins.daddywasathief.kyx.m
505130,真实汽车模拟驾驶,赛车体育,com.OppanaGames.CarSim.kyx.m
508979,对决奥特曼激斗英雄,动作枪战,com.xcgba.dzatmjdyx.xc
548792,地球末日：生存,动作枪战,zombie.survival.craft.z.elm
576814,我的世界冬季版,休闲创意,com.icecraft.survival.wintercrafting.icecrafting.xc
606993,粉彩女孩,休闲创意,com.seyeonsoft.pastel.elm
608186,找茬游戏,休闲创意,ru.kidapp.spot2.xc
656226,迷失岛2：时间的灰烬,休闲创意,com.cottongame.isoland2.mi
663399,战舰世界闪击战,战争策略,com.netease.wowsb.mi
669105,玩具熊的午夜后宫,动作枪战,com.scottgames.fivenightsatfreddys.mt
670705,蜘蛛侠：极限,跑酷闯关,com.gameloft.android.ANMP.GloftS.mt
682104,斗破苍穹：异火重燃,网游RPG,com.tencent.tmgp.dpcq
684312,小黄人逃亡,跑酷闯关,com.bananainc.bananajungleadventure.mt
685521,怀孕模拟器,模拟经营,com.witty.pregnant.mom.dbzq.m
685852,弄死火柴人2,休闲创意,com.Skygo.Stickmanfalling.mt
685919,荒岛求生,动作枪战,com.survgames.wintersurv.mt
699542,迈阿密：罪恶之城,动作枪战,com.mgc.Miami.ViceTown.dbzq.m
743213,广东麻将,棋牌桌游,com.qianlong.guangdong.mi
750941,同城游牛鬼,棋牌桌游,com.uc108.mobile.gxni.mi
752247,钢琴块2019,休闲创意,com.magic.music.tiles.piano.dream.mt
769293,拥挤城市！,休闲创意,io.voodoo.crowdcity.mt
783967,一败涂地乱斗,模拟经营,com.CharmingAgency.HumanGangsFloppyFights.dbzq.m
798182,三国群雄传-策略三国志,战争策略,com.dianlemei.sanguoqxz.mi
799987,奥特曼全明星编年史,动作枪战,com.psp.game013.bnn
827946,恐怖地下室2,塔防迷宫,com.yqqm.terror2.mi
831534,汽车模拟驾驶,赛车体育,com.racing.studio.games.lexus.lx.xsl
835736,斗地主,棋牌桌游,com.standddz004.mi
852456,六月游戏单机斗地主,棋牌桌游,com.june.game.doudizhu.mi
855532,真实警察模拟器,模拟经营,com.mobgames3d.policecopsimgangwargp.xsl
884202,木筏求生3,动作枪战,com.survivalgames.ocean.survival3.raft.escape.gtx
923799,恐怖学校3,休闲创意,com.Baldi.in.Education.branny.gtx
926297,马卡龙装扮,休闲创意,com.goraegagem.macarondoll.gtx
88871,永不言弃!!,休闲创意,com.invictus.impossiball
298634,水果连连看-经典,休闲创意,com.gamejoy.game.onetfruit
434532,逃离方块：锈色湖畔,休闲创意,air.com.RustyLake.CubeEscapeTheLake.kyxgo
441324,极速汽车模拟驾驶,赛车体育,com.aim.racing.elm
460232,决斗之城,战争策略,com.leocool.yugioh.mi
947640,无尽噩梦-灵异空间,休闲创意,com.yunbu.nightmare.mi
954735,密室逃脱绝境系列8酒店惊魂,休闲创意,com.martian.jdjh.mi
955127,小动物餐厅,模拟经营,droidhang.twgame.restaurant.xsl
957688,单机麻将集合,棋牌桌游,com.reality.game.mahjong.xsl
964099,烧脑先生,休闲创意,com.wonder.shennaodong.overseas.bnn
85723,暖暖环游世界,模拟经营,com.pape.nuannew.cm.mitalk
303366,大话西游-财神送福,网游RPG,com.netease.dhxy.mi
430800,模拟空战,飞行空战,it.rortos.airfighterspro
462224,蜀门手游-封神有约,网游RPG,com.ycgame.smsy.mi
466900,跑得快,棋牌桌游,com.sshd.sspdkyx.mi
547456,敢达 争锋对决,动作枪战,com.kingnet.gundam.mi
625581,狗狗巡逻队跑酷,跑酷闯关,com.paw.patrol.snow.ryderrun.xc
629918,瘟疫病毒,战争策略,com.simulatorslivegp.VirusPlaguePandemicMadness.pt
647802,梦幻家园-婚礼纪念,休闲创意,com.ledou.mhjy.mi
669152,航海霸业,网游RPG,com.acewebgames.oceantradekings.mi
675408,老鼠模拟器,模拟经营,com.avelog.mouse.dbzq.m
677886,老鼠在家模拟3D,模拟经营,ru.brothersappsandgames.mouseinhomesimulator.dbzq.m
680224,高速交通赛车3D,赛车体育,com.speed.racing.traffic.car.jun.dbzq.m
693567,切水果3D,休闲创意,com.studio.fruitslice3d.dbzq.m
695276,枪械模拟,模拟经营,com.avidionmedia.iGunHD.dbzq.m
695887,一路三国-全民塔防,塔防迷宫,com.zgylsg.mi
697409,莉比公主和精灵贝拉,儿童益智,com.libii.libbyvampire.mi
697423,行刑队战场：大吃鸡,动作枪战,com.gamefeast.battle.unknown.players.survival.shooting.game.mt
698956,全民战争模拟器,战争策略,com.Stickman.ninja2.dbzq.m
699636,火柴人学校逃脱,休闲创意,air.schoolone.mt
722111,愤怒的小鸟：拯救计划,休闲创意,com.rovio.angrybirdsrio.mg
726807,真实赛车游戏,赛车体育,com.oneRace.Born2Race.dbzq.m
741426,乱武三国,塔防迷宫,com.lwsg.mi
744527,找茬高高手,休闲创意,com.yunbu.differences.mi
753094,模拟大恐龙,模拟经营,com.cybt.mndkl.mi
463655,数独世界,休闲创意,com.mobirix.sudokuGame.fhp
467831,密室逃脱21遗落梦境,休闲创意,com.martian.RoomEscape21.mi
535812,五子棋经典版,棋牌桌游,com.fingertip.fivechess.mi
536714,猎魂觉醒,网游RPG,com.netease.soulofhunter.mi
562579,坦克机器人英雄,动作枪战,com.mac.tankrobot.mg
630567,小猪佩奇：假期,休闲创意,com.peppapig.holiday.dbzq.m
666443,流星群侠传,网游RPG,com.netease.lx12.mi
669102,玩具熊的午夜后宫2,休闲创意,com.scottgames.fnaf2demo.mt
671264,屠龙世界,网游RPG,com.junhai.tlsj.mi
671744,弗洛伦斯之恋,休闲创意,com.mountains.florence.feathertop.dbzq.m
685507,画个赛车,儿童益智,com.AlexNaronov.DaG.dbzq.m
685865,僵尸杀手,动作枪战,fighting.stickmanandgun.zombieshooter.mt
690191,失忆偶像出道中,模拟经营,com.netease.avgqv.mi
696644,飞行赛车,赛车体育,com.i6.RaceCarflying3D.dbzq.m
698921,一笔画完,儿童益智,com.lingmeng.mi
723701,剑踪情缘-御剑仙侠修仙,网游RPG,com.aiyou.jianzongqy.mi
752480,火柴人乱斗,格斗快打,com.darkarrow.stickfighter.saiyan.mg
761910,蜘蛛侠绳索英雄：绿超人,动作枪战,com.assassingames.ninjafrogrope.mt
764755,人类秋季冒险,休闲创意,us.Humans.game.falling3d.mt
775648,自由的火柴人,休闲创意,air.com.ber.escapetheprison.mt
784493,汽车模拟器2019,赛车体育,com.oppanagames.car.simulator.elm
802062,斗罗十年-龙王传说,网游RPG,com.dashenqyx.lwcs2.mi
819773,教你画漫画,休闲创意,com.creative.Learn.to.draw.comics.bnn
821147,荒野大枪战-和平战场求生,动作枪战,com.igame.hydqz.mi
822451,人类一败到底,动作枪战,com.iron.stickman.gangstar.crime.rope.hero.bnn
847728,动物一笔画完,休闲创意,com.createmaster.dgame.AnimalLineWay.mi
848990,雕刻模拟器,休闲创意,com.lightningstrikegames.woodcarving.bnn
862112,电音球球,跑酷闯关,com.wb.dyqq.mi
864504,叶罗丽奇幻大冒险,休闲创意,cn.ultralisk.gameapp.game40.mi
889180,你居然怀疑我,休闲创意,com.icu996.zhanan.mi
663854,我的超级飞侠,儿童益智,com.soulgame.mysuperwings.mi
664006,贪吃蛇大乱斗,休闲创意,com.jhtc.snake.mi
666234,疯狂的球球,休闲创意,com.mars.fkdqq.mi
668881,五子棋单机版,棋牌桌游,com.mobirix.omok2Goo.mg
685588,装扮女孩,休闲创意,cn.qz.pastel.avatar
691168,装扮动漫少女,休闲创意,air.lprastudio.AnimeDressUpGame.dbzq.m
693515,蜘蛛侠：城市保卫,动作枪战,com.sagagames.crime.spider.fight.hero.kill.action.dbzq.m
724748,巅峰坦克,战争策略,com.yingxiong.dftk1.mi
724982,火柴人反恐精英,动作枪战,com.lmstudios.stickman.counter.terror.strike.mt
728659,婚礼沙龙：换装游戏,休闲创意,com.k3games.weddingsalon.dbzq.m
749520,别踩白块儿,休闲创意,piano.amazing.challenge.mt
751376,托卡宠物,休闲创意,com.tocaboca.tocapets.mt
754343,木筏生存丛林,动作枪战,com.tryfoot.raft.forest.survival.mt
777593,暗黑猎手-3D魔域奇迹,网游RPG,com.taifeng.ahls.mi
785643,木筏求生记,模拟经营,com.CobraMobileGaming.SurvivalCraftShipwreck.elm
792551,蓝月传奇,网游RPG,com.tencent.lycqsh
793079,遇见逆水寒,网游RPG,com.netease.nshhelper.mi
797418,孤岛绝地求生,动作枪战,com.ShiroMeda.SurvivalGame.army.bnn
800494,假面骑士巅峰英雄Fourze,动作枪战,com.psp.game014.bnn
804057,经典益智游戏,休闲创意,com.topfreegame.puzzle.mania.fhp
810838,疯狂牛仔,休闲创意,io.ngames.cowboy.gtx
812283,孤岛先锋,动作枪战,com.netease.syfz.mi
824593,时尚女孩的游戏,休闲创意,com.Fashion.Designer.Girls.Games.bnn
832836,数字填色,休闲创意,com.melestudio.NumberDraw.mi
857560,伊洛纳,网游RPG,com.leiting.elona.mi
872418,欢乐游戏城,跑酷闯关,com.wb.hlyxc.mi
914822,恐怖游戏合集,动作枪战,com.DH.animation.xsl
926432,宝宝游戏巴士,休闲创意,com.dalianshenlan.bbyxbs.mi
965694,战地指令,战争策略,com.caohua.zdzlxm.mi
966254,鹿模拟器,模拟经营,xmas.deer.christmas.simulator.family.happynewyear.santa.off
967932,恐怖邻居2020,休闲创意,com.gns.helloneighbor.bnn
980487,画个火柴人3,休闲创意,com.hitcents.drawastickmanepic3.gtx
985476,龙与勇士-魔兽放置卡牌,网游RPG,com.game.longyuys.mi
985882,无敌大侦探,休闲创意,com.wddzt.mi
986623,小偷模拟器4,休闲创意,com.gds.thief.sim.two.xsl
51018,台球帝国,赛车体育,org.tinghood.TpsForMobile.mi
51816,卡通农场,模拟经营,com.supercell.hayday
66502,全民农场,模拟经营,com.tencent.Qfarm
83067,史上最坑爹的游戏,休闲创意,com.ipeaksoft.pitDadGame
383944,矢量跑酷2,跑酷闯关,com.nekki.vector2
419705,四川麻将,棋牌桌游,com.uc108.mobile.xzmk.num1.mi
431721,奥特曼英雄传说-明日送勇士,格斗快打,com.haoxin.ultramanyxcs.mi
439678,口袋进化,网游RPG,com.u776.poke.android.mi
452589,途游四国军棋,棋牌桌游,com.tuyoo.junqi.main.mi
463947,糖果天天消,休闲创意,com.jd.game.candyfrenzy.mi
465865,三国群英传-霸王之业,战争策略,com.tencent.tmgp.sgqyz
503684,宠物连连消-连连看游戏,休闲创意,com.jd.game.onetpet.mi
535483,侏罗纪孤岛求生：方舟2,休闲创意,com.gamefirst.Jurassic.Survival.Island.ARK2.Evolve.elm
564301,熊出没之熊大快跑2018,跑酷闯关,com.joym.xiongdakuaipao2018.mi
569768,爬坡赛车,赛车体育,com.js.offroad.car.driving.simulator.hill.climb.driving.xc
609132,我的心动小狗,儿童益智,com.libii.puppystory.mi
628160,画个火柴人,休闲创意,com.hitcents.stickmanepic.xc
643673,陆军战争模拟器,战争策略,com.rappidstudios.simulatorbattlearmy.mt
663919,五子棋-欢乐单机版,棋牌桌游,com.zongyiwuziqi.mi
666582,像素人吃鸡,动作枪战,com.survive.battlegrounds.mt
666944,爱玩斗地主,棋牌桌游,com.awkd.awddz.mi
666975,圣斗士星矢（腾讯）,战争策略,com.tencent.tmgp.sskgame
667688,疯狂木偶人,休闲创意,com.playgendary.kickthebuddy.mt
691641,真实武器模拟器,休闲创意,com.yami.realweapons.mg
691765,樱花校外模拟器,模拟经营,net.stylenote.SchoolOutSimulator.dbzq.m
792584,欢乐版单机斗地主,棋牌桌游,com.standddz.mi
800484,音乐弹跳球2,休闲创意,com.amanotes.pamarollingtiles.gtx
806792,进化模拟器：昆虫,休闲创意,com.VoxelFun.ES3.dbzq.m
812361,花与剑,网游RPG,com.netease.bloomblade.mi
812796,火柴人：索吊侠,动作枪战,com.stickman.gangster.mafia.crime.gtx
824132,爱情故事：女孩的选择,休闲创意,vampire.love.story.xsl
831606,木筏生存逃离鲨鱼,休闲创意,com.freeDteam.raft.survival.xsl
831912,球的波浪,休闲创意,by.hitbox.ballsland.gtx
835250,飞刀大师迷你地牢,休闲创意,com.gameley.blademaster.spinning.en.xsl
842226,迷你世界生存,模拟经营,com.Interactive707.VoxelCraft.dbzq.m
847604,逃课是不可以的！,休闲创意,com.tyou.butaoke.bnn
901386,乐蜀三国-策略国战争霸,战争策略,com.gzll.leshusg.mi
914552,斗地主单机版,棋牌桌游,com.standddz005.mi
958224,模拟农场2020,赛车体育,com.giantssoftware.fs20.google.gtx
966872,口袋妖怪：究极绿宝石4,休闲创意,com.kdyg.jjlbs44.bnn
52584,最囧游戏,休闲创意,me.hypertext.local.jiong2
111029,途游中国象棋,棋牌桌游,com.example.chinesechess.mi
120515,最囧游戏2,休闲创意,me.ht.local.hot
440096,猫里奥,跑酷闯关,com.tsotomedia.syobonaction.elm
447643,小米赛车,赛车体育,com.puppetsgame.miracing.mi
447920,龙之谷,网游RPG,com.tencent.tmgp.dragonnest
457856,叶罗丽公主水晶鞋,休闲创意,cn.ultralisk.gameapp.game16.wali
458771,骑士团,休闲创意,com.wali.knights
505579,酷跑奥特曼2,跑酷闯关,com.huale.ultraman2.mi
506034,天天捕鱼达人,休闲创意,tiantianbuyudaren.cocos2dx.game.gameplatformapp.mi
537094,罗斯方块,休闲创意,com.wedobest.HD1010.one.mi
593308,成语消消消,休闲创意,com.wedobest.cyxxx.mi
624186,月圆之夜,休闲创意,com.yyzy.mi
630535,波克斗地主,棋牌桌游,com.pokercity.ddz.mi
660752,熊大熊二向前冲,跑酷闯关,com.joym.bearforward.mi
696511,模拟卡车司机,模拟经营,com.hillclimb.offroadarmy.truck.mt
723758,冰雪公主的世界,模拟经营,com.freecraftingadventuregames.crafting.frozen.dbzq.m
734880,末世军团,战争策略,com.shoumeng.mrjt.mi
744385,海绵宝宝官方正版,跑酷闯关,com.zhexinit.haimianbaobaopaoku.mi
767188,汤姆猫与老鼠,动作枪战,air.com.turner.boomerangmakeandrace.mt
772375,合金弹头5,动作枪战,com.neogeo.hejin5.mt
772376,合金弹头X,动作枪战,com.neogeo.hejinx.mt
795271,汽车碰撞模拟器2019,赛车体育,com.carcrash.beamdrive.beamdamage.xsl
818005,美味星球(终极版),休闲创意,com.dingogames.tastyplanet1.gtx
822198,火柴人至尊对决,格斗快打,com.stickmanwarriors.superman.stick.gtx
834466,吉普车山地驾驶,赛车体育,com.uog.offroad.pradodriver.jeep.game.xsl
854384,木筏求生-海洋游牧民族,模拟经营,com.mufaqius.jie.mi
869506,恐龙岛：沙盒进化,休闲创意,com.szjp.kld.mi
870192,初恋糖果,休闲创意,com.igame.cltg.mi
889414,普通的鹿,休闲创意,com.kneeko.giraffe.gtx
894156,植物大战怪物,战争策略,com.flower.angry.gtx
912002,欧洲卡车模拟器2,模拟经营,com.mufaqiusheng.zw.mi
912224,我做蛋糕贼6,休闲创意,com.portbliss.icycake.gtx
924238,维加斯枪战生存,动作枪战,com.lit.gangster.fight.vegas.crime.survival.simulator.bnn
935820,全民漂移3D：汽车合并,休闲创意,com.xj.driftrace.bnn
936370,神魔三国-少年三国,战争策略,com.smsg.mi
936577,幻境双生-像素解谜,休闲创意,com.yunbu.rehtona.mi
955070,战地使命,动作枪战,com.call.of.battle.land.duty.fps.strike.ops.gtx
957665,解压休闲游戏,休闲创意,com.oddlysatisfyig.satisfying.activities.xsl
962907,鼻涕虫,休闲创意,com.madfatcat.slug.bnn
963643,真实的停车场3D,赛车体育,com.olzhas.carparking.multyplayer.xcw
74985,现代空战3D,飞行空战,com.volvapps.ef3.x.mi
79249,黄金矿工经典版,休闲创意,com.goldminerclassic.yu
82345,中国跳棋在线,棋牌桌游,com.cronlygames.cncheckers
118152,修仙OL-热血江湖3D,动作枪战,com.p2y9y.quxuan.xianjianol.mi
421989,熊出没之机甲熊大,跑酷闯关,com.joym.armorbear.mi
423767,诛仙,网游RPG,com.wanmei.zhuxian.mi
452934,八分音符：小鸡尖叫,休闲创意,com.perfecttapgames.chickenscream
459034,回忆之旅,休闲创意,es.brokenrul.oldmansjourney
459379,采油小怪2,休闲创意,com.playflame.oilhunt2.elm
461966,欢乐切水果大作战,休闲创意,com.mf.xxyzgame.wpp.game.hlqsgdzz.mi
505801,天天农场,模拟经营,com.funplus.familyfarmchina.mi
506273,围棋,休闲创意,com.pdragon.weiqi.mi
506700,扫雷世界,休闲创意,com.fingertip.saolei.mi
536539,新2048,休闲创意,com.pdragon.new2048.mi
557177,吃鸡战斗生存,模拟经营,com.ns.dome.of.doom.xc
591038,像素车,动作枪战,com.blockycars.online.wufan.mi
601763,割绳子,休闲创意,com.zeptolab.ctr.ads.xc
614278,斗兽棋,棋牌桌游,com.pdragon.doushouqi.mi
643791,雪花钢琴,休闲创意,snow.magic.tap.tiles.piano.pt
644970,饥饿龙,休闲创意,com.hungrydragon.ylxj.mi
653333,德军大逃杀,动作枪战,com.gamefeast.us.army.commando.survival.battlegrounds.dbzq.m
659892,口袋新世代,网游RPG,com.quanmai.pmp.mi
672009,一拳超人：最强之男,网游RPG,com.playcrab.kos.mi
673561,兰博基尼赛车游戏,赛车体育,car.drivesim.lambo.dbzq.m
679369,航天模拟器：流浪地球,模拟经营,com.StefMorojna.SpaceflightSimulator.mt
679790,我的迷宫3D,塔防迷宫,ru.prodigydev.minemaze3d.dbzq.m
680811,小狗模拟器,模拟经营,com.cutefreegames.dogimulator2018.dbzq.m
681866,模拟人生：畅玩版,模拟经营,com.ea.games.simsfreeplay_row.dbzq.m
683022,疯狂的僵尸2,休闲创意,com.QTStudio.ZombieCrazy.dbzq.m
685869,史上最烧脑游戏,休闲创意,com.otoss.trickygame.mt
687822,蜀山四川麻将,棋牌桌游,com.qianlong.shushan.mi
695241,娃娃屋装修游戏,休闲创意,com.Dollhouse.Games.For.Girls.dbzq.m
698426,迷你像素吃鸡,动作枪战,com.layobattle.mc.survivor.mt
722613,赛车3D,模拟经营,com.car.racing.asphaltairborne.dbzq.m
726829,狙击手冬日吃鸡枪战,动作枪战,com.pix.counterterrorist.freeshootinggame.dbzq.m
736034,金币大富翁,模拟经营,com.jbdfw.mi
744599,妈妈模拟器,模拟经营,com.nag.virtual.mother.newbabytwins.familygames.mt
745300,手术大师,休闲创意,com.doctor.surgerymaster.mt
747695,漂移赛车2,赛车体育,com.carxtech.carxdr2.mt
748594,脑力达人-益智合集,休闲创意,com.yunbu.puzzleking.mi
749627,极限着陆专业版,模拟经营,it.rortos.extremelandingspro.dbzq.m
783480,猪猪侠快跑,跑酷闯关,com.pfu.zzxkp.mi
806350,汤姆猫乱斗小队,休闲创意,com.outfit7.jinke.talkingtomsquad.mi
806373,超市购物模拟,模拟经营,com.APPATRIX.market.black.store.sim.dbzq.m
807419,奇趣大冒险,网游RPG,com.xinmi.kdmm.mi
815067,森林冰火人：森林神殿,动作枪战,com.osloalbet.forest.bnn
817118,美味星球2,休闲创意,com.dingogames.tastyplanet2.xc
818065,烟雨江湖,网游RPG,com.lanjing.yanyu.mi
823398,经典游戏,休闲创意,com.globalpmobeeclassic.tetris.gtx
825011,二战前线英雄,战争策略,com.worldwararmyheroes.wwshootinggame.gtx
827202,餐厅主厨烹饪游戏,模拟经营,com.yoyofun.restaurant.master.kitchen.chef.cooking.games.xsl
828016,梦幻家居设计,模拟经营,com.gamediversion.house.design.decor.xsl
832050,狐妖小红娘,网游RPG,com.tencent.tmgp.redfox
854812,婴儿奶奶模拟器3D,动作枪战,com.funshootinggames.babygranny3d.bnn
855926,火线精英行动-决战和平世界,模拟经营,com.cqhy.hxjyxd.mi
859654,超级玛丽2,休闲创意,com.superbinogo.jungleboyadventure2.bnn
863992,奶牛镇的小时光,模拟经营,com.diyibo.nnz.mi
869226,牛仔贼忙,休闲创意,com.machsystem.cwbygo.bnn
875390,粘积木,休闲创意,com.bigframes.stickyblock.gtx
877068,武神吕小布-三国塔防,塔防迷宫,com.game.wushenlxb.mi
884272,富翁时代,模拟经营,com.caohua.fwsd.mi
885428,凯蒂猫钢琴块,休闲创意,chungyao.kitty.piano.tiles2.magicfully.funny.gtx
929682,小猪佩奇：鹦鹉,休闲创意,com.peppapig.pollyparrot.bnn
930590,入宫当皇后,休闲创意,com.rgdhh.fy.mi
931107,双人游戏合集,休闲创意,com.shareddreams.minimissions.xsl
945651,创意蛋糕店,模拟经营,com.kairogame.android.Okashi.mi
945779,绝地枪王3D,休闲创意,com.modooplay.shootman.mi
954577,点金猎人,跑酷闯关,com.shwy.xmxy.mi
957323,最囧大脑,休闲创意,com.tygame.game31.xcw
965762,脑洞大师2,休闲创意,com.tricky.brain.quiz.dotlab.xcw
968659,生存战争,模拟经营,com.candyrufusgames.survivalcraft.bnn
63838,雷电2016-雷霆版,飞行空战,com.sg.raidenxm
74633,随便跑得快,棋牌桌游,com.suibianwan.dxpdk.mi
99460,冒险王2,网游RPG,com.k7k7.mxw2.mi
104739,口袋之旅,网游RPG,com.pocketmon.mi
135998,烈火奇迹-传世变态传奇,网游RPG,com.platform2y9y.sijiuyou.liehuoqj.mi
345110,餐厅萌物语,模拟经营,com.catstudio.moegirlcafe2.mi
428919,指尖帝国,战争策略,www.xdsw.Aoe2.mi
429230,坦克连,网游RPG,com.netease.tank.mi
429369,雷霆裁决-装备回收,网游RPG,com.gamewinner.ltcj.mi
449526,乐高：元素之战,格斗快打,com.lego.ninjago.toe.elm
453314,碧蓝航线,战争策略,com.bilibili.blhx.mi
456176,全民乐舞,休闲创意,com.tiannagame.qmlw.mi
457260,围城大作战,休闲创意,com.lz.wcdzz.mi
457531,极品芝麻官,网游RPG,com.anzhuojpzmg.ckhd.mi
466332,真实城市汽车驾驶3D,休闲创意,com.ScnStudios.RealCityCarDriver3D.fhp
466534,熊熊乐园奔跑吧熊大,跑酷闯关,com.joym.runningbear.mi
504203,模拟人生：长途巴士,模拟经营,com.ovilex.coachbussimulator.kyx.m
505224,浅塘,休闲创意,com.ttzgame.pond.fhp
506905,宝宝打地鼠,儿童益智,com.jd.game.babysusliks.mi
546827,火柴人越狱6,休闲创意,air.sjsix.fhp
564792,萌龙大乱斗,模拟经营,com.gameloft.android.ANMP.GloftDLCN.mi
618985,泡泡龙消消乐,休闲创意,com.wedobest.puzzlebubble.one.mi
629909,达芬奇密室,战争策略,com.bluebraingames.thehouseofdavinci.xc
797406,僵尸作战模拟,动作枪战,com.illusiveray.zcs.bnn
802105,恐怖学校,动作枪战,kr.co.roigames.whiteday.g.lite.gtx
802114,托卡厨房,休闲创意,com.tocaboca.tocakitchen.gtx
803034,开心商店,模拟经营,com.happylabs.happymall.gtx
803655,牧场传奇-复古热血传奇,网游RPG,com.doumao.muchangcq.mi
805227,奥特曼英雄归来,网游RPG,com.caohua.atmgl.mi
812838,水上冲冲冲,休闲创意,com.slippy.linerusher.gtx
816412,汽车撞击模拟,模拟经营,com.InsaneInTheGame.CarCrashTestNIVA.mt
817034,华丽公主：装扮化妆,儿童益智,com.bonbongame.princess.dress.up.makeover.salon.girls.games.gtx
822185,仙缘剑,网游RPG,com.xyjwd.mi
824855,老爹汉堡店,模拟经营,air.calmgoing.monijingyinghanbaodian.bnn
838500,校园女生模拟器2019,动作枪战,jp.mobaroid.womenschoolsimulator.xsl
847538,沙滩球球,休闲创意,com.water.balls.bnn
855708,我的小镇高中,休闲创意,mycity.highschool.xsl
876198,子弹特工,动作枪战,com.DefaultCompany.MrShooter.mi
894082,我削皮贼6,休闲创意,com.portbliss.ipeelgood.gtx
924157,猎人,网游RPG,com.tencent.hxh
936757,美军火柴人绳索英雄,动作枪战,army.stickman.rope.hero.us.gta.war.pubg.mafia.bnn
943696,葫芦娃酷跑无敌金刚,跑酷闯关,com.kujihtr.hlwwh4.mi
954301,合成植物战僵尸,休闲创意,com.uptap.plantbeatzombies.xsl
962883,二战模拟器,动作枪战,com.aldagames.warpolygon.bnn
985861,恐怖冰淇淋3D,休闲创意,com.teameplerians.IceCreamtwo.horror.game.xcw
74502,黄金矿工,休闲创意,com.vn.visva.game.goldminer.yu
112552,滑雪大冒险2,休闲创意,com.yodo1.skisafari2.mi
124038,密室逃脱古堡迷城2,休闲创意,com.martian.RoomEscape2.mi
167210,密室逃脱7环游世界,休闲创意,com.martian.RoomEscape7.mi
189354,熊出没之熊大农场,模拟经营,com.joym.bearfarm.wali
242307,指尖滑板2,赛车体育,se.illusionlabs.skate2
422075,少女前线,战争策略,com.digitalsky.girlsfrontline.cn.mi
424023,我的求生岛世界,动作枪战,com.freegamesstudio.skyblockislandsurvivalgames
635290,人生游戏,休闲创意,com.fivebyte.lifeisagame.mt
637451,迷你动物大作战-拥挤战争,休闲创意,com.huoshe.mndwdzz.mi
643577,出租车接客2,赛车体育,com.baklabs.taxi.two.mt
649754,羽毛球高高手,赛车体育,com.yunbu.badmintonleague.mi
660794,碰撞大赛2,赛车体育,com.BeerMoneyGames.Demolition2.mg
666583,精灵宝可梦剑盾,休闲创意,com.pixelmon.crafttrainers.mt
671460,字牌,棋牌桌游,com.sshd.zip.mi
687835,贪吃蛇大战斗,休闲创意,com.changle.snake.mi
690029,快乐粘液模拟器,休闲创意,ru.brothersappsandgames.smashdiyslimefidgetslimy.dbzq.m
691767,索菲亚公主的婚礼,休闲创意,com.fatcat.LongHairPrincessWeddingDress.dbzq.m
693542,建造迷你世界,模拟经营,com.reflekt.modern.dbzq.m
694334,转学生恋爱日记,模拟经营,com.newday.changeschoolglobal.pt
695260,无人机模拟器,模拟经营,com.AndreyMelnikov.DroneRacingSimulator.dbzq.m
723418,侍魂胧月传说,网游RPG,com.tencent.shihun.android
724814,奥特曼在线战斗,格斗快打,com.dweb.ultramanbattleonline.dbzq.m
726843,变形金刚战斗,动作枪战,com.nc.robot.car.dbzq.m
728037,公主时尚化妆：睡美人之恋,休闲创意,com.kiwigo.sleepingbeautymakeover.free.dbzq.m
728129,愤怒的小鸟太空版,休闲创意,com.rovio.angrybirdsspace.ads.mt
728268,现代生存吃鸡枪战,动作枪战,com.modern.counter.fps.survival.battle.dbzq.m
728644,60秒生存,模拟经营,com.devsec.nuke.dbzq.m
736471,公主梦幻婚礼,休闲创意,com.libii.princesswedding.mi
738344,愤怒的火柴人5,动作枪战,jpark.AOS5.mt
745123,荒野乱斗对决,动作枪战,com.cmcm.arrowbrawl.mt
759598,减压放松游戏,休闲创意,com.oddlysatisfyinggames.verysatisfying.asmrgames.mg
760091,狙击手吃鸡大战,动作枪战,com.offlinegames.sniper.cover.operation.fps.shooting.games.mt
760595,过山车大亨,模拟经营,com.pokercity.rctt.mi
767282,超级跑车机器人,动作枪战,com.nc.supercarobot.dbzq.m
772373,合金弹头4,动作枪战,com.neogeo.hejin4.mt
783781,魔王乱入,网游RPG,com.xxhy.pokemon.mi
786518,捕鱼达人千炮版,休闲创意,com.pokercity.tmgp.mi
724800,拆散情侣大作战2,休闲创意,com.tygame.tapgame47.dbzq.m
726794,长发公主发廊,休闲创意,com.bearhugmedia.android_magichairsalonmakeover.dbzq.m
751281,托马斯和朋友,休闲创意,com.budgestudios.googleplay.ThomasAndFriendsMinis.mt
753754,植物怒战僵尸王,塔防迷宫,com.zsfz.zwnzjsw3.mi
754397,音乐制作：2019,休闲创意,com.sofeh.android.musicstudio3.mt
755489,飞龙变形机器人2,动作枪战,com.nc.dragon.bot.two.dbzq.m
758159,村庄与掠夺世界,模拟经营,com.minicity.village.mt
759602,减压轻松小游戏,休闲创意,com.oddlysatisfyinggame.oddly3.mg
765935,末日之战,战争策略,net.im30.zland.mt
769022,我的医院：医生游戏,休闲创意,com.bubadu.myhospital.elm
798218,权力的游戏 凛冬将至,战争策略,com.tencent.yoozoo.got.wintercoming
801985,比较简单的大冒险,休闲创意,com.thankcreate.EasyAdventure3.mt
804028,仙界幻世录-唯美武侠修仙,网游RPG,com.cmcx.xjhsl.mi
807208,医生游戏,模拟经营,com.iabuzz.Doctor.mt
813264,密室逃脱3：逃出100个房间,休闲创意,me.escape.local.hot.gtx
820129,蝙蝠侠机器人模拟器,动作枪战,com.alp.bat.robot.transformation.superhero.games.mt
821190,现代战争2019,动作枪战,com.edkongames.mobs.gtx
827016,烈焰封神-热血单职传奇,网游RPG,com.jinkesi.lyfs.mi
832830,旺旺麻将,棋牌桌游,com.jww.mj.gyzj.mi
843062,蜘蛛侠绳索英雄传,动作枪战,com.amazid.me.gtx
846678,神奇硬币推手,休闲创意,com.BigShotGames.CoinPusher.gtx
847420,驾驶学院模拟器,赛车体育,com.racing.studio.games.mersedes.s.xsl
867432,大黄蜂：变形战斗,战争策略,com.real.limo.robot.transformation2019.gtx
884106,全民养成之女皇陛下,模拟经营,com.hdyx.nhbx.mi
885320,蹦起来兔子,休闲创意,com.whsjlgame.bumperrabbit.mi
890620,火柴人对决3,休闲创意,com.BestGame.StickmanOnlineWarriors3.gtx
911018,我的地球工艺世界,休闲创意,com.crafting.survival.building.creative.earthminecrafti.crafting.bnn
913052,刺客行动,动作枪战,com.rubygames.assassin.bnn
935521,仙劫-山海经异兽,网游RPG,com.ssljxj.mi
937882,独角兽史莱姆制作器,休闲创意,com.princessme.android_slime.mt
455241,破天一剑,网游RPG,com.u1game.ptyj.mi
456826,不义联盟2,格斗快打,com.wb.goog.injustice.brawler2017
461137,寻仙,网游RPG,com.tencent.tmgp.xxsy
464960,烹饪发烧友,模拟经营,com.nordcurrent.canteenhd.kyx.m
501266,野蛮人大作战,休闲创意,com.bbqstudio.bbqq.mi
508951,口袋妖怪：漆黑的魅影,网游RPG,com.xcgba.kdygqhmy.xc
510007,冒险岛,休闲创意,com.xcnes.mxd.xc
510251,啪啪三国2,战争策略,com.hrgame.papa2.mi
533153,欢乐掼蛋,棋牌桌游,com.k7game.app.guandan.mi
547131,功夫火柴人,动作枪战,com.oguztecimer.stickfightshadowwarrior.xc
547721,猫捉老鼠,休闲创意,com.appinspire.jerrycheeserun.xc
548451,召唤与合成,休闲创意,com.izhaohe.heroes_MI
562842,我的世界-女孩版,模拟经营,com.playcoolzombiesportgames.mine.craft.pocket.li
565057,我的便利店,模拟经营,com.hulian.mystore.mi
602867,大猩猩变形金刚大战,动作枪战,com.turbo.dreamz.angry.gorilla.us.police.robot.transforming.games.pt
630575,小猪佩奇：主题乐园,休闲创意,com.peppapig.themepark.dbzq.m
642561,斗地主经典版,棋牌桌游,com.SYzongYi.doudizhu.mi
651250,垄断,棋牌桌游,air.bg.lan.Monopoli.pt
671197,火柴人军团战争,战争策略,com.bgs.stickman.tank.battle.simulator.dbzq.m
671724,湖南跑胡子,棋牌桌游,com.sshd.hunanpaohuzi.mi
679150,哦！寿司,休闲创意,jp.smarteducation.tofusushi.mg
680249,SCP收容失效,动作枪战,com.FelixFilip.SCPAE.dbzq.m
687928,模拟公交车,赛车体育,com.skisosoft.pts.dbzq.m
687959,音乐球跳一跳,休闲创意,com.amanotes.pamasplashytile.dbzq.m
690445,大鱼吃小鱼,休闲创意,com.indygomedia.fishwar.mt
691177,平衡球,休闲创意,com.ArtSoft.BalanceBall.dbzq.m
692944,美味星球,动作枪战,com.dingogames.tastyplanet1lite.dbzq.m
693532,战机：二战空中战场,动作枪战,com.HomeNetGames.Warplanes.dbzq.m
698829,数字填色像素涂色,休闲创意,com.melestudio.PixelArtClassic.mi
724489,我的老师,休闲创意,com.tabtale.teacher.mt
948815,上学迟到了怎么办,休闲创意,com.tyou.xuexiao3.off
952836,小偷潜行模拟器,动作枪战,com.gds.thief.robbery.sim.xsl
955093,突击队使命：召唤,动作枪战,com.modern.commando.warfare.special.ops.combat.duty.bnn
956981,我要当皇帝,休闲创意,com.casualbox.studio.tobeking.bnn
957444,公主游戏：女生换装,休闲创意,princess.hair.salon.xcw
957636,火柴人青蛙模拟,动作枪战,com.bsb.zin.amazifrog.bnn
963719,恐怖老师巴尔迪,休闲创意,com.BasicallyGames.BaldisBasicsClassic.off
966890,生存战争2,动作枪战,com.candyrufusgames.survivalcraft2.bnn
983842,假发被老婆藏起来了,休闲创意,com.cookapps.gabalgabal.bnn
54133,博雅斗地主,棋牌桌游,com.boyaa.engineddz.mi
79287,航海王 启航,网游RPG,cn.mobage.g12000128.mi
90257,人鱼公主大闯关,休闲创意,com.dingdong.android.rygzdcg
103416,车祸英雄,模拟经营,com.secretexit.turbodismount
107266,炫舞浪漫爱,休闲创意,com.ikoalabear.x5ol.mi
115994,开心火锅店,模拟经营,com.kaixinhuoguodian.mi
116830,夏目的美丽日记,模拟经营,com.dddwan.summer.mi
174945,最高警戒-共和国之辉,战争策略,com.sesame.zgjjgame2.mi
279813,口袋妖怪：红宝石,网游RPG,xl.gba.kdyghbs000000
302387,途游五子棋,棋牌桌游,com.tuyoo.gomoku.mi
423796,被尘封的故事,网游RPG,com.mindblocks.blocks.mi
426552,乐高：我的城市2,动作枪战,com.lego.city.my_city2
427654,口袋妖怪：决心,休闲创意,xl.gba.kdygjx0000000
427676,汤姆和杰瑞：逃出地狱,休闲创意,xl.gba.tmhjrtcdy0000
431535,大头儿子2乐园酷跑,跑酷闯关,com.PGSoul.BigHead2.Egame.mi
455197,我的宫廷,网游RPG,cn.gamejelly.gong.mi
463634,奥特曼传说之战-闪耀迪迦,格斗快打,com.hq.Ultramancszzdd.mi
467934,史上最坑爹的游戏11,休闲创意,com.ipeaksoft.keng11.mi
507069,飞行棋大作战,棋牌桌游,com.fingertip.feixingqi.mi
547079,越野卡车模拟运输,赛车体育,com.ogs.off.road.semi.cargo.truck.driver.simulator.legends.cpec2.xc
548169,宝宝爱拼图,儿童益智,com.jd.game.babypuzzle.mi
548838,梦幻炫舞,休闲创意,com.gg.mengwuol.mi
550239,突击射击,动作枪战,com.squad.critical.snipercounter.elm
588158,公主恋爱日记,儿童益智,com.libii.lovediary.mi
603801,蜘蛛机器人,动作枪战,com.nc.spider.robot.mg
634731,青蛙环球之旅,模拟经营,com.frogjourney.pandafrog.dbzq.m
634744,拳皇命运,网游RPG,com.tencent.kof
642370,御龙弑天-3D修仙修真,网游RPG,com.youai.ylongst.mi
667749,小猪佩奇：圣诞愿望,休闲创意,com.prh.PeppaChristmas.dbzq.m
667752,小猪佩奇环游世界,休闲创意,com.prh.PeppaWorld.dbzq.m
670727,萌宠大作战,网游RPG,com.maichi.mcmxqy.mi
671033,小马宝莉冒险任务,休闲创意,com.budgestudios.MyLittlePonyHarmonyQuest.pt
671644,万王之王3D,网游RPG,com.tencent.wok
673389,动物温泉,休闲创意,com.superthumb.animalhotspring1.mt
673554,茶杯头,休闲创意,com.FurPlay.cupBattleHead.dbzq.m
675314,心舞,休闲创意,com.uniugame.xinwu.mi
675746,迷你球吃球-球球大乱斗,儿童益智,com.zsfz.mnqcq.mi
677554,放置之刃,休闲创意,com.freegame.idle.knife.mt
679715,植物大战僵尸：埃及,休闲创意,com.mori.plantvsmummy.mt
680266,模拟航空管制员,飞行空战,it.rortos.realflight.mt
680274,乒乓大师,赛车体育,com.hong.tabletennis.mt
680764,天天跑酷超炫版-跑酷达人,跑酷闯关,com.mfkj.ttpkcxb.mi
681835,家居设计：改造王,模拟经营,in.loop.hdmakeover.mt
682976,糖糖蛋糕店,儿童益智,com.libii.CandyCakeShop.mi
683073,动漫女孩跑步,动作枪战,com.br.anime.girl.run.dbzq.m
683165,单机斗地主,棋牌桌游,com.djddz.km
685897,茶杯头大冒险,休闲创意,com.skailogames.cupheadmobile.mg
685942,水女孩和火男孩,休闲创意,com.watergirl.fireboy.icegirl.hotboy.light.temple.mt
689275,海绵宝宝海底冒险,模拟经营,com.one.craft.history.bikini.bottom.create.cube.mine.craft.exploration.pocket.skyscraper.terraria.block.world.lite.dbzq.m
693906,扭蛋人生,休闲创意,air.com.lunime.gachalife.mt
693914,3D迷宫,休闲创意,com.RAM.AMAZINGMAZE.mt
698993,虚拟村民：起源2,战争策略,com.ldw.vvo2.dbzq.m
699014,变形金刚：机器人战斗,格斗快打,com.gamefeast.robot.war.flying.robot.bike.dbzq.m
722639,弹钢琴,模拟经营,com.bigbeep.playpiano.dbzq.m
726852,迷失岛：木筏绝地求生,动作枪战,com.gu.lost.island.raft.survival.game.dbzq.m
728085,火柴人逃脱监狱,休闲创意,air.sjxxx.mg
729648,帮妈妈把辣条藏起来2,休闲创意,com.tygame.game39.mt
732671,爸爸把我的手机藏起来了,休闲创意,com.zsfz.bbbwdsjcqll.mi
736242,攻城掠地,战争策略,com.xm.gcldnew.mi
748182,双人游戏,休闲创意,com.ction.arcademinigames.mg
751370,托卡马场,休闲创意,com.tocaboca.tocastable.mt
759601,释放情绪游戏,休闲创意,com.oddlysatisfyinggame.oddlysoapcutting.mg
765192,吃鸡战队,动作枪战,com.timuzgames.fpsteamwar.dbzq.m
765447,消林传说,休闲创意,com.njyk.xlcc.mi
776720,超凡蜘蛛侠2,动作枪战,com.ComicBookReese.MightyPowerSpider2.dbzq.m
779477,恐怖之眼,动作枪战,com.eyesthegame.eyes.mt
803027,喵喵大作战,休闲创意,com.ckgames.clash.gtx
803496,三生三世十里桃花,战争策略,com.tencent.ssss
806702,加菲猫跑酷,跑酷闯关,com.garfield.rush.mi
807326,遨游世界,模拟经营,com.smsoft.cargosimulatorturkey.xsl
809488,陆军狙击手,动作枪战,com.zv.commandosniper.shootersim.gtx
812718,手机理发恶搞器,模拟经营,com.cuneytayyildiz.sackesmemakinesi.dbzq.m
818528,变形机器人空战,动作枪战,com.md.tank.robot.game.bnn
820192,三国列传,战争策略,com.sanjiu.sglc.mi
826988,单机台球大师-经典桌球帝国,赛车体育,com.djtqds.mi
832680,雪鹰领主,网游RPG,com.tencent.tmgp.vgame
841852,刀剑江湖-仙剑武侠世界,网游RPG,com.jswl.daojianjh.mi
857562,未上锁的房间2,休闲创意,com.east2west.theroomtwo.mi
858572,空中航行,飞行空战,com.idriscelik.f787lite.gtx
869088,模拟沙滩收集大作战,休闲创意,com.xiaoyuanyuan.monishatanshoujidazuozhan.mi
878472,钢琴块2020,休闲创意,com.pianotiles.KPOP.Games.gtx
622867,塔防之王,塔防迷宫,com.mobirix.towerking.pt
622885,孢子进化论,休闲创意,com.EvolutionOfGames.EvolutionOfSpecies.xc
630580,小猪佩奇的世界,休闲创意,com.peppapig.worldofpeppapig_g.dbzq.m
634630,传奇世界3D,网游RPG,com.tencent.woool3d
636929,火柴人越狱9,休闲创意,air.sjd.mt
637468,火柴人弓箭手,休闲创意,com.bazon.stickmanbowmasters.mg
642502,最后一个火柴人：战争前线,动作枪战,com.pubg.stickman.battlegrounds.mg
642540,生存森林,动作枪战,com.CobraMobileGaming.SurvivalForestCraft.mt
645519,热血传说,网游RPG,com.sj3975.rxcsm.mi
656057,奥特曼格斗之热血英雄,动作枪战,com.sg.atmrxyx.mi
663422,天梨国际象棋,棋牌桌游,com.tianli.chess.mi
666059,恋爱球球,休闲创意,com.supertapx.lovedots.mi
666568,星空漫步2,休闲创意,com.vitotechnology.StarWalk2Free.mt
666610,密室逃脱绝境系列4迷失森林,休闲创意,com.martian.mssl.mi
669087,蛇蛇大作战,休闲创意,air.com.cutplay.slither.snake.io.dbzq.m
671030,宫廷美人传,休闲创意,com.dress.gongtinghoufeizhuan.pt
671373,数独经典版,休闲创意,com.zongyi.shudu.mi
673569,地球灭亡前60秒!,休闲创意,com.AvoCavo.Apocalypse60.dbzq.m
675643,中国跳棋,休闲创意,com.flyfish.halma
676931,警察模拟器：警车追捕,休闲创意,com.pickle.PoliceCarPullOver.dbzq.m
676945,喵星人大战,模拟经营,jp.co.ponos.battlecatsen.dbzq.m
679103,飞龙模拟3D,模拟经营,com.turborocketgames.dragonsim.dbzq.m
681873,史上最恐怖的游戏,休闲创意,air.com.spilgames.TrollFaceQuestHorror.dbzq.m
682604,逃离方块：悖论,休闲创意,air.com.RustyLake.CubeEscapeParadox.mg
683052,月兔冒险,休闲创意,com.hyperbeard.tsuki.mt
683896,邪恶的修女,休闲创意,com.keplerians.evilnun.mg
683921,叶罗丽,网游RPG,com.wdsgame.woaiyeluoli.mi
684249,脑力大乱斗,休闲创意,ch.appilis.brain.android.dbzq.m
687849,传说之下：Sans vs Frisk,休闲创意,com.woloned.sansvsfrisk.mt
690042,枪械模拟器,模拟经营,air.com.oranginalplan.weaphonesww2free.dbzq.m
270207,中国象棋单机对战,棋牌桌游,com.ydgame.chessgame.egame.mi
279855,星之卡比镜之大迷宫,网游RPG,xl.gba.xzkbjzdmg0000
314024,越野驾驶：沙漠,赛车体育,com.logicmiracle.offroaddrive.desert
355476,新塔防三国-全民塔防,塔防迷宫,com.hirealgame.qmtf.mi
386626,火柴人足球2016,赛车体育,com.djinnworks.ss16
426828,激龟快打,动作枪战,xl.fc.jgkd0000000000
427456,街篮,赛车体育,com.ztgame.jl.mi
429200,镇魔曲,网游RPG,com.netease.zmq.mi
434898,密室逃脱11逃出神秘金字塔,休闲创意,com.martian.RoomEscape11.mi
440082,我的世界之冬季工艺4,模拟经营,net.SandStormEarl.WC4
445650,战地防御3,休闲创意,net.defensezone3.elm
449364,四人斗地主,棋牌桌游,com.uc108.mobile.snda.mi
461870,斗罗大陆3,网游RPG,com.ourpalm.lwcsdldl3.mi
467497,温泉物语,模拟经营,com.kairogame.android.onsen.mi
467697,放置奇兵,网游RPG,com.droidhang.ad.mi
505803,炫龙记-复古3D传奇,网游RPG,com.tencent.tmgp.p2y9y.xuanlongji.mi
506445,边境之旅,休闲创意,com.netease.ma71.mi
506927,三国战争,战争策略,com.miquwan.sgzz.mi
506975,中国象棋在线,棋牌桌游,chschess.chess
508662,反恐狙击手射击,动作枪战,com.counter.terrorist.sniper.hunter.ctsh.fhp
524419,山海异闻录,网游RPG,com.gaea.shanhai.mi
532711,我的49天与细胞,休闲创意,com.ThreeCatGames.ThisCell.elm
550136,机械迷城,休闲创意,com.AmanitaDesign.Machinarium.E2W.mi
562681,糖糖郊游记,儿童益智,com.libii.candycampadventure.mi
562685,密室逃脱24末日危机,休闲创意,com.martian.RoomEscape24.mi
564294,浴血长空,飞行空战,com.mangofun.yxck.mi
569730,莉比小公主之梦幻餐厅,儿童益智,com.libii.libbychef.mi
604818,消消乐水果消除,休闲创意,com.melestudio.FruitFrenzy.mi
607091,幸运娃娃机,休闲创意,com.junguang.luckydoll.mi
617426,乐游方块消除,休闲创意,com.lew.game.blockcrush.mi
691151,恐怖奶奶的吻,休闲创意,com.appzek.HorrorKiss.dbzq.m
691456,真实公路汽车,赛车体育,com.mingya.realdriving.mi
691537,是球球就下一百层,休闲创意,com.huuugetaptapgames.endlessdashbouncer.dbzq.m
693426,恐怖鬼魂模拟器,休闲创意,ru.laboratoryappsandgames.simulatorghosthorrorsinhouse.mt
693583,砸了邻居家,休闲创意,com.sultanware.Granny.dbzq.m
696677,蜘蛛侠水上乐园,动作枪战,com.mp.superherowaterslideuphillrush.dbzq.m
698756,宠物猫无尽跑酷,跑酷闯关,com.gamestu.cat.run.dbzq.m
699031,可爱少女养成记,模拟经营,com.Graphite.SG.dbzq.m
724276,时尚女孩：自由装修,模拟经营,com.tinydragonadventuregames.doll.house.craft.princess.fashion.girls.minecraft.barbie.creative.exploration.lite.build.cube.mine.mt
724487,天空女神,休闲创意,com.tabtale.skyhigh.mt
725029,创造地球世界,模拟经营,com.miniplay.blockark.mg
728034,冰雪皇后梦幻化妆,休闲创意,com.kiwigo.icequeenmakeupfever.free.dbzq.m
728228,高空赛车,模拟经营,com.pin.real.car.offroad.driving.free.dbzq.m
728645,火柴人大逃杀吃鸡战,动作枪战,com.bgs.stickman.unknown.battlegrounds.dbzq.m
734887,城市岛屿 3,模拟经营,com.sparklingsociety.cityisland3.mi
736472,甜心公主舞会之夜,休闲创意,com.libii.princesspromnight.mi
736473,糖糖小镇,儿童益智,com.libii.candytown.mi
737264,王牌御史,网游RPG,com.taiyouxi.pk.mi
745191,连块儿达人,儿童益智,com.jd.game.blockdaren.mi
749474,X漂移赛车,赛车体育,com.CarXTech.CarXDriftRacingFull.mt
749535,荒岛生存,模拟经营,com.CobraMobileGaming.CraftingIslandSurvival.mt
750489,进化模拟器2,休闲创意,com.JaroslawGajc.EVS2.mg
753626,消灭星星新版,休闲创意,com.xnhd.apkxmxx.mi
758160,飞行模拟器2019,模拟经营,com.flight.simulator_racinggames2019.mt
760874,愤怒的小鸟：变形金刚,战争策略,com.rovio.angrybirdstransformers.mt
768625,女生超市疯狂购物,休闲创意,com.eg.black.friday.shopping.mania.mt
770911,陀螺球滚动试炼,休闲创意,com.pronetis.gyrosphere.mt
771815,记忆重构,休闲创意,com.tencent.imprison
778310,昭和杂货店物语,模拟经营,com.gagex.android.SUBARU.mi
785666,火星生存(中文版),模拟经营,com.MarsusProject.mt
786587,高级飞行模拟器,模拟经营,com.panosDrak.FlightSimFree.dbzq.m
786942,传奇至尊,网游RPG,com.cqzzdlq.mi
788236,切西瓜最新版,休闲创意,ebc.qxgzxb.mi
791396,方程式赛车游戏,赛车体育,com.slg.formularacing.game.car.racing.free.game.dbzq.m
791451,班迪与油印机,休闲创意,com.jds.batim.dbzq.m
793672,网红蛋糕屋,模拟经营,com.xplaygame.cake.mi
796769,皇家守卫：保卫战,战争策略,com.ironhidegames.android.kingdomrush.bnn
797452,屠夫先生(中文版),动作枪战,com.kalipsogames.psychopathhunt.gtx
797878,华夏英雄传,战争策略,com.xuegao.dmgj2.mi
800521,萌宠西游-西游回合挂机,网游RPG,com.game.mengchongxy.mi
803478,锤子大作战,休闲创意,com.wepie.hammer.mi
804171,冰雪公主魔术美容,休闲创意,net.icebeauty.android_magicicequeen.bnn
804517,病娇高中模拟器,模拟经营,com.tarous.yandereschoolgirl.bnn
804888,梦幻餐厅,模拟经营,com.pizza.food.hotdog.simgame.mt
805639,贪食蛇,休闲创意,com.zsfz.tss.mi
807405,双人赛车,赛车体育,com.ketchapp.twocars.mt
809818,儿童画画游戏,儿童益智,com.melestudio.ColoringBook.mi
810460,超级世界盒子,模拟经营,com.mkarpenko.worldbox.mt
811433,法拉利真实驾驶,模拟经营,com.raceking.realfrrircng.dbzq.m
813256,孩子们,休闲创意,net.playables.kidsgame.gtx
813272,涂色迷宫,儿童益智,io.fezgames.splatmaze.mt
815904,学画发光公主,休闲创意,com.colorjoy.Learn.to.draw.glow.princess.gtx
815907,建造水上乐园,模拟经营,com.twotwentygames.swimming.pool.construction.waterslides.adventure.sim.xsl
816992,从零开始的异世界生活-无限,网游RPG,com.iqiyi.rezero.mi
818039,美少女婚礼换装：完美新娘,模拟经营,com.kiwigo.animeweddingmakeup.free.gtx
821159,奔驰汽车驾驶模拟器,赛车体育,com.childgame.prodrivingmercedes.gtx
821905,真实钢琴2019,休闲创意,com.real_piano_learning_keyboard_2019.bnn
829750,德国汽车模拟器M5,赛车体育,com.OppanaGames.CarSim.m5.f90.xsl
831656,虚拟家庭模拟器,模拟经营,com.clanified.virtual.rent.family.sim.xsl
838364,子弹先生：间谍谜团,休闲创意,com.lionstudios.mrbullet.gtx
851350,武侠风云录-修真武侠手游,格斗快打,com.wdjt.wuxiafyl.mi
855582,撞车大赛,赛车体育,com.game.demolitionderby.xch
858762,谁喝酒,休闲创意,com.dartou.android.whodrinks.mi
861824,暴力街头摩托,赛车体育,com.milliongames.roadrashrider.xsl
881606,玩个球球,休闲创意,com.wgqq.mi
884186,水上人形墙3D,休闲创意,com.ketchapp.getinshape.bnn
894316,猫咪公寓,休闲创意,com.indiesky.catcondo.mi
920224,我理发贼6,休闲创意,com.pinpinteam.barbershop.gtx
921543,找到老婆的私房钱3,休闲创意,com.tyou.lpsfq3.bnn
924142,公主美妆游戏,休闲创意,com.crazygamehouse.fairy.makeup.kit.factory.royal.princess.games.gtx
928563,疯狂木偶人3D,休闲创意,com.playgendary.kickthebuddy3.gtx
931039,小猪佩奇:联欢会,休闲创意,com.peppapig.partytime.bnn
941428,公交车司机2020,赛车体育,com.gg.urban.bus.driving.simulator.xcw
942992,星季,休闲创意,com.starhyme.kreator.bnn
947708,汽车驾驶游戏,赛车体育,com.Techmination.RangeRoverRacingSimulator.xcw
950155,水果蔬菜切切切,休闲创意,com.lightningstrikegames.fruitchopper.bnn
950290,刀剑大乱斗OL,休闲创意,com.riceball.gpknives.xsl
958129,GT赛车驾驶模拟,赛车体育,com.OppanaGames.GT.Car.Simulator.bnn
963145,龙珠大冒险,模拟经营,com.longzhudamao.bnn
965423,这周日你有空吗,休闲创意,com.e8game.zzrnykm.mi
965763,模拟航空飞行2020,模拟经营,com.aerofly.aeroflyfs2020.bnn
965890,假面骑士格斗进化,格斗快打,com.riztwogames.riderzeroonehenshin.off
968053,高校女孩生活模拟,模拟经营,com.ds.school.girl.simulator.bnn
968796,猪猪侠超星小英雄,动作枪战,com.joym.pighero.mi
988274,我做蛋糕贼棒,休闲创意,com.shockingmagic.pastrychef.pt
23372,矢量酷跑,休闲创意,com.nekki.vector
51438,推箱子,休闲创意,com.shenglei.boxman
57337,小冰冰传奇,网游RPG,sh.lilith.dgame.mi
68776,高校女生模拟,模拟经营,com.mobirix.ttt_gg106731
76129,全民枪神,动作枪战,com.xiaoao.riskSnipe
78184,米拉奇战记,战争策略,com.miragine.MiragineWar
83574,少年三国志,网游RPG,com.youzu.snsgz.mi
114016,火柴人篮球,赛车体育,com.djinnworks.StickmanBasketball.mi
117662,音乐世界,休闲创意,com.ilongyuan.cytus.mi
278414,奥特曼对决激斗英雄,格斗快打,xl.gba.djjdyx0000000
366463,少年西游记,网游RPG,com.youzu.snxyj.mi
386834,奥特曼超人-暴击小怪兽,战争策略,com.sg.bjxgs.mi
420167,画个火柴人2020,休闲创意,com.hitcents.drawastickmanepic2free
420795,铠甲勇士英雄归来,跑酷闯关,com.joym.armorhero2.mi
421637,倒霉熊奇幻大冒险,休闲创意,com.bear.UnLuckBear.mi
421858,热血奥特曼-暴击僵尸,动作枪战,com.sg.bjjs.mi
425385,超级马里奥3,动作枪战,xl.gba.cjmla4000000a
429522,我欲独尊2-武侠修仙手游,网游RPG,com.platform2y9y.youai.woyudz2.mi
430725,加菲猫酷跑,跑酷闯关,com.soulgame.garfield.mi
432031,同城游跑胡子,棋牌桌游,com.uc108.mobile.hnhb.mi
440645,弄死火柴人,休闲创意,com.ViperGames.StickmanDismount.elm
444997,Dinotrux 开始建造吧！,模拟经营,com.foxandsheep.Dinotrux.kyx.m
448062,极限摩托4,赛车体育,com.x3m.tx4.elm
456424,变形金刚:地球之战,战争策略,com.yodo1.tew.mi
457848,王牌大作战,跑酷闯关,com.zplay.ClashTank.mi
460734,火柴人绳索侠客2,动作枪战,com.mgc.stickman.rope.hero.two1.elm
461796,水果连连看-单机游戏,休闲创意,com.MeleStudio.FruitLink2016.mi
461801,妖精的衣橱,休闲创意,com.yjdyc.aoyou.mi
462856,机甲奥特曼,跑酷闯关,com.joym.armorultraman.mi
465958,不思议迷宫,休闲创意,com.leiting.gumballs.mi
504199,模拟猫咪,模拟经营,com.swiftapps.catsimulator2015pro.kyx.m
504607,史上最坑爹的游戏12,休闲创意,com.ipeaksoft.keng12.mi
507292,美美小店,模拟经营,com.forgame.meimei.mi
508232,密室逃脱22海上惊魂,休闲创意,com.martian.RoomEscape22.mi
537295,真人天天斗地主,棋牌桌游,com.zengame.zrttddz.mi
547749,火柴人越狱大作战,模拟经营,air.FleeingtheComplex.xc
557125,NES模拟器,休闲创意,com.classic.gamenes.xc
558203,凤凰心计,模拟经营,com.fhxj.hardtime.mi
558824,变形金刚：飞行鲨,动作枪战,com.nc.robot.shark.kyx.m
562619,白块儿达人,休闲创意,com.wedobest.piano.mi
573583,我的建筑世界,休闲创意,com.Craftyland.StudioAK777.pt
622980,纸片少女,休闲创意,com.usfun.anne.mi
623448,三国杀名将传,网游RPG,com.sanguosha.mjz.mi
625033,火柴人坦克,战争策略,com.woodenswordgames.stickmantank.pt
630581,小猪佩奇拼图,休闲创意,com.puzzlespeppapigaa.bymmzzza.dbzq.m
640115,高校女生模拟2017,动作枪战,com.kumagames.highschoolsimulator.mt
641724,一跳到底,休闲创意,com.lywx.ytdd.mi
642527,扫雷王,休闲创意,com.mobirix.minesweeper.pt
643698,芭比时尚衣橱,休闲创意,com.mattel.barbiesparkleblastkids.mt
644245,漂移赛车游戏,赛车体育,com.tapinator.furious.car.driver3d.dbzq.m
648349,变色球大冒险,休闲创意,cn.bahamut.game.colorballsroad.mg
649140,黑洞大作战,休闲创意,com.tentek.hole.fhp
653309,夺冠世界杯2018,休闲创意,com.anggitayuniinc.realfootballsport.mg
660804,造梦西游外传,网游RPG,com.zmsy.zmxywz.mi
664041,钓鱼王者,休闲创意,com.kunqi.fishingleague.mi
664156,泡泡时代-球球大爆炸,休闲创意,com.zsfz.ppsd.mi
666246,我叫MT4-心向光明,网游RPG,com.tencent.tmgp.mt4
666900,欧洲卡车司机2018,模拟经营,com.ovilex.eurotruckdriver2018.mg
667215,恐怖修女,休闲创意,com.keplerians.thenun.mg
671057,锄战三国村,模拟经营,com.kairogame.android.ThreeKing.mi
671745,陆军狙击手：吃鸡战场,动作枪战,com.sgs.army.sniper.elite.force.free.games.dbzq.m
671855,拳魂觉醒-登录送十连抽,网游RPG,com.sy.qhjx.mi
672168,迷你坦克,休闲创意,com.tinylabproductions.minitanks.mg
673408,绿色征途,网游RPG,com.hero.lszt.mi
679080,恐惧3恐怖尖叫屋,休闲创意,com.boomeranggames.thefear3.mg
681867,少女都市,模拟经营,com.laikastudio.shoujocity.dbzq.m
682075,长安不是一天建成的,模拟经营,com.kairogame.android.ChangAn.mi
682985,莉比小公主梦幻独角兽,儿童益智,com.libii.libbyunicorn.mi
685623,找你妹之奇幻旅程,休闲创意,com.midva.HiddenObjectGroceryStore.mg
688293,98拳皇街霸,格斗快打,com.legends.terrafighter.kungfu.fight.tournament.mg
688788,木筏求生：明日之后,动作枪战,survival.nomad.ocean.raftsurvival.mt
690198,螺旋圆舞曲,休闲创意,com.baitian.szx.lxywq.mi
690716,音乐大师,休闲创意,musicgame.beat.rhythmmaster.freegame.dbzq.m
690727,僵尸猎人,动作枪战,com.generamobile.zhunter.gp.dbzq.m
691145,超级飞侠,休闲创意,com.WateryCloud.HDSuperWings.Spain.dbzq.m
691158,香肠快跑派对,跑酷闯关,com.headlezz.sausagerun.dbzq.m
691534,恐怖奶奶圣安地列斯,动作枪战,com.actioncrab.sanandreasamgrygranny.dbzq.m
691562,疯狂牙医-儿童游戏,儿童益智,com.coolkids.crazy.mad.kids.dentist.fun.hospital.adventure.dbzq.m
691575,钢铁侠飞行英雄,动作枪战,com.hgamesart.ironmech.dbzq.m
692929,蜘蛛侠：决战拉斯维加斯,动作枪战,com.momob.spidergangtercity.dbzq.m
692930,迷你水世界,动作枪战,com.minecraft.aquatic.dbzq.m
693555,暖暖时尚换装,休闲创意,com.gamesforgirlsfree.animegirls.dbzq.m
693600,迷你世界：建造城市,模拟经营,com.tlong.building.city.dbzq.m
694237,狗狗模拟器,模拟经营,com.hgamesart.dogsimulator.dbzq.m
695235,少女换装小游戏,休闲创意,com.Fashion.Teen.Girls.DressUp.Game.dbzq.m
698758,地铁公主跑酷,跑酷闯关,g6games.subway.princess.endlessrun.dbzq.m
699497,3D少女换装,休闲创意,com.Graphite.FGNEXT.pt
699616,世界最难的游戏2,休闲创意,com.whg.three.mt
722568,公主城堡房间,儿童益智,air.com.winkypinky.princesscastleroom.mt
722583,欧洲火车模拟,模拟经营,com.HighbrowInteractive.EuroTrainSim.dbzq.m
723732,汽车停车模拟,模拟经营,com.newsite.olzhas.dbzq.m
724984,恐龙战争,战争策略,com.ziau.dinoschool.mt
725376,儿童游戏：生日,儿童益智,com.YovoGames.birthdayParty.pt
725377,儿童游戏：动物园,儿童益智,com.YovoGames.zoo.pt
725924,世界的尽头,休闲创意,com.theendoftheworldgame.mt
727980,卡车机器人,动作枪战,com.nc.robot.truck.dbzq.m
728249,森林生存,动作枪战,com.AS.FSCI.dbzq.m
730308,梦间集天鹅座,休闲创意,com.pwrd.mjjsl.mi
734269,舌尖上的美食梦,模拟经营,com.kairogame.android.ChinaFood.mi
734927,公主的新生小宝宝,儿童益智,com.libii.princessnewbaby.mi
737248,女神驾到,模拟经营,com.moredou.belle.mi
738427,迷宫冒险,塔防迷宫,com.bitesizedgames.paintmaze.mg
739379,胡来了真人麻将,棋牌桌游,com.istorm.hllad.mi
741109,雪球大作战,休闲创意,com.geishatokyo.snowballio.mt
744398,美人鱼成长记录,休闲创意,com.degoo.android.mermaidgrowsup.dbzq.m
744718,找到老公的私房钱,休闲创意,com.e8game.lgsfq.mi
745213,世界大战,战争策略,com.mis.ww.mg
750522,守护球球,跑酷闯关,com.wb.shqq.mi
752458,重型欧洲卡车模拟,赛车体育,com.DynamicGames.HeavyTruckSimulator.mt
755862,抓娃娃女生版,休闲创意,com.hyperbeard.clawberta.dbzq.m
755905,睡衣小英雄跑酷,跑酷闯关,com.pjmasks.heroessubwaybuscityrunner.dbzq.m
757314,香肠射击,动作枪战,com.minja.sausage.party.shooter.free.hot.dog.games.best.fps.game.mg
760878,饥饿的鲨鱼世界,休闲创意,com.ubisoft.hungrysharkworld.mg
760899,全面战争模拟器(中文版),战争策略,com.AS.magic1.mt
765304,蜘蛛纸牌,棋牌桌游,com.starsstudio.collectionsolitaire.mg
766591,城市鸽子模拟器,模拟经营,com.playmechanics.pigeonsimulator.dbzq.m
768895,恐怖护士,动作枪战,com.el.scarynurse.elm
774167,雪人兄弟2,休闲创意,com.MAME4droid.snowbro2.mt
775180,天将传-三国志战争,战争策略,com.p2y9y.tianjj.mi
776691,战神风云-经典三国威力版,战争策略,com.ydzsfy.mi
788783,像素世界：混合动物,模拟经营,com.abstractsoft.hybridanimals.mt
791922,公寓设计师,休闲创意,com.guta.house.design.indoor.favor.finish.neat.pass.adopt.embark.dream.elm
792018,腾讯欢乐捕鱼,棋牌桌游,com.tencent.hlfish
794834,5v5荒野求生枪战,动作枪战,com.shooter.free.shooting.game.bnn
801666,我进不去学校了2,休闲创意,com.tygame.g30.gtx
802002,逃离100层高楼,战争策略,com.tower100floors.en0602.gtx
804571,美容化妆美甲,休闲创意,air.LiliDressUpGames.BeautyMakeupAndNailSalon.mt
804892,老婆我回来了,休闲创意,com.e8game.lpwhll.mi
806406,减压游戏,模拟经营,com.oddlysatisfying.antistress4.dbzq.m
806849,二战狙击英雄,动作枪战,com.world.war.winter.shooting.game.dbzq.m
810448,假装喝水模拟器,战争策略,com.bigbeep.drinkwater.gtx
810800,移动射击游戏,动作枪战,com.koancraft.commando.hawk.offlineshootinggame.gtx
813403,超级飞侠3环球跑酷,跑酷闯关,com.qsmx.FlyMan.mi
813970,古墓丽影7传奇,战争策略,com.xcpsp.gmly7cq.gtx
818174,公主制衣店,休闲创意,com.kiwigo.princesstailorboutique.free.dbzq.m
819652,火柴人越狱冒险,休闲创意,com.word.game.fun.puzzle.prison.freedom.xsl
821156,大富豪街机捕鱼,棋牌桌游,com.fishbuyu.mi
825929,推手：双人,休闲创意,jp.ryoshirakawa.PushingHands.gtx
826920,信任的进化,战争策略,com.xuangames.xrdjh.gtx
827050,我怀疑学妹喜欢我,战争策略,com.e8game.whyxmxhw.mi
827126,直升机模拟2019,飞行空战,com.nicedonegames.helicoptersimulator2019.xsl
828374,青璃,休闲创意,com.netease.qingli.mi
835304,经典合金弹头2020,动作枪战,com.solidiershooter.soldierslegend2020.xsl
839772,星缘-恋爱吧偶像,休闲创意,com.galasports.lovegame.mi
840880,生存岛模拟器,动作枪战,com.game.survival_island_simulator_game.gtx
844354,WinXP模拟器,休闲创意,com.gamblerstudio.winxpsimlite.xsl
852392,密室绝境逃生,塔防迷宫,com.escape.neat.no41budgethotel.gtx
852742,老爹圣代曲奇店,模拟经营,air.calmgoing.laoDieShengDaiQuQiDian.xsl
858702,卡通换装游戏,休闲创意,com.hellotoon.mylittlecharacter.gtx
859890,解密密室逃脱,休闲创意,com.teng.room32.app32.xye
867304,3D推推推,休闲创意,com.clapclap.snowpatrol.bnn
879128,可爱粘液模拟器,休闲创意,com.neon2.fluffy.slime.simulator.kawaii.gtx
889300,梦幻小家,模拟经营,com.wb.mhxj.mi
895682,九阴九阳,网游RPG,com.qk.jyjy.mi
899486,米加我的小镇,休闲创意,com.miga.mytown.gtx
910942,懒熊快跑,休闲创意,com.iranzovelasco.bears.runner.gtx
912994,樱花校园格斗之日,格斗快打,com.simulatorgame.hihgschoolgirl.reallife.gtx
913340,熊大熊二世界,儿童益智,com.krazygames.BearWorld.adventure.grizzley.forest.endless.gtx
921539,火箭滑冰者,休闲创意,com.rocket.skater.gtx
924882,二次元形象制造,休闲创意,com.EightStudio.PitzMaker.xsl
928165,拆散情侣100法,休闲创意,com.e8game.csql.mi
929972,火柴人街头战警2,动作枪战,us.police.stickman.gta.gtastickman.city.crime.hero.spider.bnn
931277,迷你恐龙世界,模拟经营,com.tellurionmobile.raptorcraft.bnn
934310,不要喂猴子（中文版）,休闲创意,com.alawar.monkeysfulll.bnn
934388,记忆重现,休闲创意,com.mango.imprisonshards.mi
936285,神仙劫-山海经,网游RPG,com.sxj.mi
936566,火柴人冲突,动作枪战,com.waterdrop.stickman.global.bnn
938249,众神-摸金盗墓生存,网游RPG,com.game.zhongshen.mi
941683,剑啸江湖-剑魂之刃传,网游RPG,com.xm.jxjh.mi
948156,我的小镇：精灵森林,休闲创意,mylittleprincess.fairy.free.bnn
948833,拉斯维加斯生存模拟器,模拟经营,com.lit.gangster.fight.vegas.crime.survival.simulator.xcw
950045,方块冲冲冲,休闲创意,com.wb.fkccc.mi
957648,神奇青蛙模拟,动作枪战,com.ap.foramaz.frog.bnn
960102,火柴人绳索钢铁侠,动作枪战,com.ironboy.stickman.rope.hero.man.spider.pubg.ncr
961841,钓鱼模拟,赛车体育,com.ldk.fishing.simulator.bass.angling.saltwater.bnn
961917,房屋设计模拟,休闲创意,com.happy.family.house.design.game.ncr
963303,火影：终极忍者,格斗快打,com.minerale.narutoshippuden.bnn
964143,医院模拟器,休闲创意,com.operate.hospital.simulator.bnn
964748,火柴人沙漠大逃亡,动作枪战,xtd.breakingthebank.bnn
966240,做饭游戏汉堡制作,休闲创意,com.melestudio.BurgerFoodMaker.mi
967502,菲梦少女人气偶像,儿童益智,com.ultralisk.gameapp.game74.mi
983819,老爹面包店,战争策略,air.com.flipline.papasbakeriatogo.zyj
6211,单机斗地主开心版,棋牌桌游,com.og.danjiddz
52411,开心水族箱-海底世界,休闲创意,com.happyelements.happyfishandroidmi
62933,我在大清当皇帝,网游RPG,com.radical.huangshangjixiang.mi
92834,西米斗地主,棋牌桌游,com.xm.ddz.xiaomi.mi
118327,消灭星星2017,休闲创意,com.zplay.migupopstar.mi
119279,三国杀OL-登录送关羽,战争策略,com.sanguosha.sgsolaxiaomi.mi
121403,育龙高手,模拟经营,com.sincetimes.dragonfarmii.mi
122244,甜点物语2,模拟经营,com.storm8studios.bakerytwo
174912,密室逃脱影城之谜4,休闲创意,com.martian.RoomEscape4.mi
318810,驾驶学校2016,模拟经营,com.ovilex.drivingschool2016
330991,劲舞时代,休闲创意,com.netease.ma59.mi
361800,征途,网游RPG,com.tencent.tmgp.seal
397304,永恒纪元-红包雨,网游RPG,com.m37.yhjyj.mi
419543,新剑侠情缘,网游RPG,com.tencent.tmgp.jxqy
423805,大航海之路,战争策略,com.netease.dhhzl.mi
428350,同城游保皇,棋牌桌游,com.uc108.mobile.wfbj.mi
430393,捕鱼大作战,休闲创意,com.blyx.buyu.mi
440090,反恐计划：对峙,动作枪战,com.alanapps.standoff.elm
440400,模拟农场16,模拟经营,com.giantssoftware.fs16_1.elm
441318,金鲨银鲨,休闲创意,com.jsys.jsys.mi
444095,荒岛求生：进化,休闲创意,com.dbSoftware.sievolve.elm
444534,熊出没4丛林冒险,跑酷闯关,com.joym.xiongchumo4.mi
445021,疯狂钓鱼,休闲创意,com.fkby.zhangzu.mi
445763,极限着陆,飞行空战,it.rortos.extremelandings.elm
447635,浪漫星舞团,休闲创意,com.ikoalabear.x5ol2.mi
449316,美食大战老鼠竞技版,塔防迷宫,com.msjj.union.mi
449972,香肠传奇,格斗快打,com.milkcorp.sausagelegend.elm
451242,我的宠物店,模拟经营,br.com.tapps.myvirtualpetshop.elm
453706,剑与家园,战争策略,com.lilithgame.sgame.mi
458643,地下城堡2,模拟经营,com.taojin.dungeon2.mi
467502,美食梦物语,模拟经营,com.kairogame.android.restaurant.mi
507395,攀爬侠,动作枪战,com.gta.climbing.man.st.elm
508621,贪吃蛇,休闲创意,com.pdragon.tcs.mi
910942,懒熊快跑,休闲创意,com.iranzovelasco.bears.runner.gtx
912994,樱花校园格斗之日,格斗快打,com.simulatorgame.hihgschoolgirl.reallife.gtx
913340,熊大熊二世界,儿童益智,com.krazygames.BearWorld.adventure.grizzley.forest.endless.gtx
921539,火箭滑冰者,休闲创意,com.rocket.skater.gtx
924882,二次元形象制造,休闲创意,com.EightStudio.PitzMaker.xsl
928165,拆散情侣100法,休闲创意,com.e8game.csql.mi
929972,火柴人街头战警2,动作枪战,us.police.stickman.gta.gtastickman.city.crime.hero.spider.bnn
931277,迷你恐龙世界,模拟经营,com.tellurionmobile.raptorcraft.bnn
934310,不要喂猴子（中文版）,休闲创意,com.alawar.monkeysfulll.bnn
934388,记忆重现,休闲创意,com.mango.imprisonshards.mi
936285,神仙劫-山海经,网游RPG,com.sxj.mi
936566,火柴人冲突,动作枪战,com.waterdrop.stickman.global.bnn
938249,众神-摸金盗墓生存,网游RPG,com.game.zhongshen.mi
941683,剑啸江湖-剑魂之刃传,网游RPG,com.xm.jxjh.mi
948156,我的小镇：精灵森林,休闲创意,mylittleprincess.fairy.free.bnn
948833,拉斯维加斯生存模拟器,模拟经营,com.lit.gangster.fight.vegas.crime.survival.simulator.xcw
950045,方块冲冲冲,休闲创意,com.wb.fkccc.mi
957648,神奇青蛙模拟,动作枪战,com.ap.foramaz.frog.bnn
960102,火柴人绳索钢铁侠,动作枪战,com.ironboy.stickman.rope.hero.man.spider.pubg.ncr
961841,钓鱼模拟,赛车体育,com.ldk.fishing.simulator.bass.angling.saltwater.bnn
961917,房屋设计模拟,休闲创意,com.happy.family.house.design.game.ncr
963303,火影：终极忍者,格斗快打,com.minerale.narutoshippuden.bnn
964143,医院模拟器,休闲创意,com.operate.hospital.simulator.bnn
964748,火柴人沙漠大逃亡,动作枪战,xtd.breakingthebank.bnn
966240,做饭游戏汉堡制作,休闲创意,com.melestudio.BurgerFoodMaker.mi
967502,菲梦少女人气偶像,儿童益智,com.ultralisk.gameapp.game74.mi
983819,老爹面包店,战争策略,air.com.flipline.papasbakeriatogo.zyj
6211,单机斗地主开心版,棋牌桌游,com.og.danjiddz
52411,开心水族箱-海底世界,休闲创意,com.happyelements.happyfishandroidmi
62933,我在大清当皇帝,网游RPG,com.radical.huangshangjixiang.mi
92834,西米斗地主,棋牌桌游,com.xm.ddz.xiaomi.mi
118327,消灭星星2017,休闲创意,com.zplay.migupopstar.mi
119279,三国杀OL-登录送关羽,战争策略,com.sanguosha.sgsolaxiaomi.mi
121403,育龙高手,模拟经营,com.sincetimes.dragonfarmii.mi
122244,甜点物语2,模拟经营,com.storm8studios.bakerytwo
174912,密室逃脱影城之谜4,休闲创意,com.martian.RoomEscape4.mi
318810,驾驶学校2016,模拟经营,com.ovilex.drivingschool2016
330991,劲舞时代,休闲创意,com.netease.ma59.mi
361800,征途,网游RPG,com.tencent.tmgp.seal
397304,永恒纪元-红包雨,网游RPG,com.m37.yhjyj.mi
419543,新剑侠情缘,网游RPG,com.tencent.tmgp.jxqy
423805,大航海之路,战争策略,com.netease.dhhzl.mi
428350,同城游保皇,棋牌桌游,com.uc108.mobile.wfbj.mi
430393,捕鱼大作战,休闲创意,com.blyx.buyu.mi
440090,反恐计划：对峙,动作枪战,com.alanapps.standoff.elm
440400,模拟农场16,模拟经营,com.giantssoftware.fs16_1.elm
441318,金鲨银鲨,休闲创意,com.jsys.jsys.mi
444095,荒岛求生：进化,休闲创意,com.dbSoftware.sievolve.elm
444534,熊出没4丛林冒险,跑酷闯关,com.joym.xiongchumo4.mi
445021,疯狂钓鱼,休闲创意,com.fkby.zhangzu.mi
445763,极限着陆,飞行空战,it.rortos.extremelandings.elm
447635,浪漫星舞团,休闲创意,com.ikoalabear.x5ol2.mi
449316,美食大战老鼠竞技版,塔防迷宫,com.msjj.union.mi
449972,香肠传奇,格斗快打,com.milkcorp.sausagelegend.elm
451242,我的宠物店,模拟经营,br.com.tapps.myvirtualpetshop.elm
453706,剑与家园,战争策略,com.lilithgame.sgame.mi
458643,地下城堡2,模拟经营,com.taojin.dungeon2.mi
467502,美食梦物语,模拟经营,com.kairogame.android.restaurant.mi
507395,攀爬侠,动作枪战,com.gta.climbing.man.st.elm
508621,贪吃蛇,休闲创意,com.pdragon.tcs.mi
728646,摇滚明星：女生化妆,休闲创意,com.kiwigo.rockgirl.free.dbzq.m
732401,开启斗地主,棋牌桌游,com.k7game.app.ddz.mi
736104,拥挤城市大混战,休闲创意,com.notoutgames.crowdcity.mt
737223,出租车模拟3D,模拟经营,com.csdj.czc3D.mi
738798,拥挤城市大乱斗,休闲创意,com.rfgame.CrowdCity.mt
739962,中国象棋竞技版,棋牌桌游,com.lanse.chinachess
740047,找到老婆的私房钱,休闲创意,com.e8game.lpsfq.mi
744463,四轴飞行器模拟器,飞行空战,com.luxuryappsandgames.drivequadrocoptersimulator.mg
745223,粉彩女孩2,休闲创意,cn.qz.pastel.avatarpro
747604,方块迷你世界,休闲创意,osx.adventuremcpe.va.mg
748028,闪耀滑雪场物语,模拟经营,com.kairogame.android.Snow.mi
748050,植物大战僵尸海滩版,动作枪战,net.playtouch.zombiesatthebeach.dbzq.m
752404,直升机模拟,模拟经营,it.rortos.helicopter.dbzq.m
755942,铠甲勇士4,动作枪战,com.sg.kaijiayongshi4.mi
756435,熊出没2,跑酷闯关,com.joym.xiongchumo2hd.mi
757428,公共汽车模拟器,模拟经营,com.bussimulator.busdriving.game.free.mt
760611,街头霸王,格斗快打,com.freefungames.street.fighter.games.dbzq.m
761362,方块兄弟,休闲创意,air.com.xingyou.squarebros.save.dinosaur.egg.mt
764795,木筏求生：海洋探险,休闲创意,com.svgs.multiraft3d.mt
765266,植物大战地精2,休闲创意,plants.vs.goblins2.mg
768649,怪物格斗2,动作枪战,air.com.aceviral.mutantfightingcup2.mt
768839,军事狙击手,动作枪战,com.ffgames.sniper2.mt
769120,正常的大冒险,休闲创意,com.thankcreate.NormalAdventure3.mt
772652,侍魂5,格斗快打,com.neogeo.shihun5.mt
774638,超级英雄,动作枪战,com.nllc.superhero.dbzq.m
774779,我想成为四要素,休闲创意,com.ShirouCompany.IWBTFE.elm
776831,住宅梦物语,模拟经营,com.kairogame.android.Apart.mi
778368,天天爱烹饪,模拟经营,com.patastudio.crazycooking.mi
778406,我的蛋糕店：美食家,模拟经营,com.hlys.wddgd.mi
779290,灭霸：无限手套,动作枪战,com.endgame.immortal.infinity.gauntlet.villain.city.fighting.elm
910942,懒熊快跑,休闲创意,com.iranzovelasco.bears.runner.gtx
912994,樱花校园格斗之日,格斗快打,com.simulatorgame.hihgschoolgirl.reallife.gtx
913340,熊大熊二世界,儿童益智,com.krazygames.BearWorld.adventure.grizzley.forest.endless.gtx
921539,火箭滑冰者,休闲创意,com.rocket.skater.gtx
924882,二次元形象制造,休闲创意,com.EightStudio.PitzMaker.xsl
928165,拆散情侣100法,休闲创意,com.e8game.csql.mi
929972,火柴人街头战警2,动作枪战,us.police.stickman.gta.gtastickman.city.crime.hero.spider.bnn
931277,迷你恐龙世界,模拟经营,com.tellurionmobile.raptorcraft.bnn
934310,不要喂猴子（中文版）,休闲创意,com.alawar.monkeysfulll.bnn
934388,记忆重现,休闲创意,com.mango.imprisonshards.mi
936285,神仙劫-山海经,网游RPG,com.sxj.mi
936566,火柴人冲突,动作枪战,com.waterdrop.stickman.global.bnn
938249,众神-摸金盗墓生存,网游RPG,com.game.zhongshen.mi
941683,剑啸江湖-剑魂之刃传,网游RPG,com.xm.jxjh.mi
948156,我的小镇：精灵森林,休闲创意,mylittleprincess.fairy.free.bnn
948833,拉斯维加斯生存模拟器,模拟经营,com.lit.gangster.fight.vegas.crime.survival.simulator.xcw
950045,方块冲冲冲,休闲创意,com.wb.fkccc.mi
957648,神奇青蛙模拟,动作枪战,com.ap.foramaz.frog.bnn
960102,火柴人绳索钢铁侠,动作枪战,com.ironboy.stickman.rope.hero.man.spider.pubg.ncr
961841,钓鱼模拟,赛车体育,com.ldk.fishing.simulator.bass.angling.saltwater.bnn
961917,房屋设计模拟,休闲创意,com.happy.family.house.design.game.ncr
963303,火影：终极忍者,格斗快打,com.minerale.narutoshippuden.bnn
964143,医院模拟器,休闲创意,com.operate.hospital.simulator.bnn
964748,火柴人沙漠大逃亡,动作枪战,xtd.breakingthebank.bnn
966240,做饭游戏汉堡制作,休闲创意,com.melestudio.BurgerFoodMaker.mi
967502,菲梦少女人气偶像,儿童益智,com.ultralisk.gameapp.game74.mi
983819,老爹面包店,战争策略,air.com.flipline.papasbakeriatogo.zyj
6211,单机斗地主开心版,棋牌桌游,com.og.danjiddz
52411,开心水族箱-海底世界,休闲创意,com.happyelements.happyfishandroidmi
62933,我在大清当皇帝,网游RPG,com.radical.huangshangjixiang.mi
780866,精灵萌宝贝,网游RPG,com.jlmbb.mi
780893,做饭游戏果汁制作,休闲创意,com.melestudio.juicemaking.mi
783459,末日审判：生化丧尸,动作枪战,com.zombiesurvival.fpssnipergame.mt
784004,俄罗斯方块消消乐,休闲创意,com.yunbu.tetirs.mi
784456,高中女生：校园生活模拟,休闲创意,com.play.io.High.School.Head.Girl.Campus.Life.Simulator.elm
785745,飞机战机模拟对战-空袭大战,飞行空战,com.legend.flightsimulator.mi
786233,套圈游戏,休闲创意,com.abula.nightmarket.elm
789377,3D开车教室,赛车体育,com0.Company.ProductName1.mt
789900,数字填色画画,休闲创意,com.inapp.no.paint.color.by.number.coloring.dbzq.m
791389,圈地占领大作战,休闲创意,com.hg.hexsnake.pt
794905,节奏光剑,休闲创意,com.company.beatbeastsaber.elm
795349,小黄人地铁跑酷,休闲创意,com.desert.SubwayAdventureRush.bnn
795700,爱情公寓消消消,休闲创意,com.pavostudio.lovehouse.mi
795834,跳一跳2,休闲创意,com.ltws.jump2.mt
797435,射子弹先生,休闲创意,com.mr.bullet.puzzlespying.bnn
801615,愤怒的小鸟时空之旅,休闲创意,com.talkweb.abspace.mi
802110,吸尘器大作战,休闲创意,com.bwm.vacio.gtx
804830,超级摩托赛车游戏,赛车体育,com.fg.crazy.bike.traffic.racer.free.fhp
804858,逃亡的超人-火柴人城市英雄,动作枪战,com.kuiyi.twdcr.game.mi
805211,小小精灵,网游RPG,com.duomi.xxjl.mi
805240,厕所时间,休闲创意,com.doner.juegoswc.mt
805332,穿越前线：反恐使命,动作枪战,com.combat.strikepro.bnn
805361,变形金刚：龙卷风机器人,动作枪战,com.brilliantgamez.tornado.robot.car.free.games.xsl
807848,未来机甲决战,战争策略,com.maichi.wljj.mi
807860,街球艺术,赛车体育,com.zqgame.jqys.mi
810491,公交车游戏,模拟经营,com.riv3r.citybusdriver.gtx
810829,野生老虎模拟器,模拟经营,com.rcgames.wildtigersimulator.gtx
812301,全面战争模拟器,休闲创意,com.dw.battle1.xsl
812313,真实汽车模拟驾驶2018,模拟经营,com.kingogames.caraccident2018.dbzq.m
812431,蜘蛛侠2,动作枪战,com.psp.game034.bnn
910942,懒熊快跑,休闲创意,com.iranzovelasco.bears.runner.gtx
912994,樱花校园格斗之日,格斗快打,com.simulatorgame.hihgschoolgirl.reallife.gtx
913340,熊大熊二世界,儿童益智,com.krazygames.BearWorld.adventure.grizzley.forest.endless.gtx
921539,火箭滑冰者,休闲创意,com.rocket.skater.gtx
924882,二次元形象制造,休闲创意,com.EightStudio.PitzMaker.xsl
928165,拆散情侣100法,休闲创意,com.e8game.csql.mi
929972,火柴人街头战警2,动作枪战,us.police.stickman.gta.gtastickman.city.crime.hero.spider.bnn
931277,迷你恐龙世界,模拟经营,com.tellurionmobile.raptorcraft.bnn
934310,不要喂猴子（中文版）,休闲创意,com.alawar.monkeysfulll.bnn
934388,记忆重现,休闲创意,com.mango.imprisonshards.mi
936285,神仙劫-山海经,网游RPG,com.sxj.mi
936566,火柴人冲突,动作枪战,com.waterdrop.stickman.global.bnn
938249,众神-摸金盗墓生存,网游RPG,com.game.zhongshen.mi
941683,剑啸江湖-剑魂之刃传,网游RPG,com.xm.jxjh.mi
948156,我的小镇：精灵森林,休闲创意,mylittleprincess.fairy.free.bnn
948833,拉斯维加斯生存模拟器,模拟经营,com.lit.gangster.fight.vegas.crime.survival.simulator.xcw
950045,方块冲冲冲,休闲创意,com.wb.fkccc.mi
957648,神奇青蛙模拟,动作枪战,com.ap.foramaz.frog.bnn
960102,火柴人绳索钢铁侠,动作枪战,com.ironboy.stickman.rope.hero.man.spider.pubg.ncr
961841,钓鱼模拟,赛车体育,com.ldk.fishing.simulator.bass.angling.saltwater.bnn
961917,房屋设计模拟,休闲创意,com.happy.family.house.design.game.ncr
963303,火影：终极忍者,格斗快打,com.minerale.narutoshippuden.bnn
964143,医院模拟器,休闲创意,com.operate.hospital.simulator.bnn
964748,火柴人沙漠大逃亡,动作枪战,xtd.breakingthebank.bnn
966240,做饭游戏汉堡制作,休闲创意,com.melestudio.BurgerFoodMaker.mi
967502,菲梦少女人气偶像,儿童益智,com.ultralisk.gameapp.game74.mi
983819,老爹面包店,战争策略,air.com.flipline.papasbakeriatogo.zyj
6211,单机斗地主开心版,棋牌桌游,com.og.danjiddz
52411,开心水族箱-海底世界,休闲创意,com.happyelements.happyfishandroidmi
62933,我在大清当皇帝,网游RPG,com.radical.huangshangjixiang.mi
780866,精灵萌宝贝,网游RPG,com.jlmbb.mi
780893,做饭游戏果汁制作,休闲创意,com.melestudio.juicemaking.mi
783459,末日审判：生化丧尸,动作枪战,com.zombiesurvival.fpssnipergame.mt
784004,俄罗斯方块消消乐,休闲创意,com.yunbu.tetirs.mi
784456,高中女生：校园生活模拟,休闲创意,com.play.io.High.School.Head.Girl.Campus.Life.Simulator.elm
785745,飞机战机模拟对战-空袭大战,飞行空战,com.legend.flightsimulator.mi
786233,套圈游戏,休闲创意,com.abula.nightmarket.elm
789377,3D开车教室,赛车体育,com0.Company.ProductName1.mt
789900,数字填色画画,休闲创意,com.inapp.no.paint.color.by.number.coloring.dbzq.m
791389,圈地占领大作战,休闲创意,com.hg.hexsnake.pt
794905,节奏光剑,休闲创意,com.company.beatbeastsaber.elm
795349,小黄人地铁跑酷,休闲创意,com.desert.SubwayAdventureRush.bnn
795700,爱情公寓消消消,休闲创意,com.pavostudio.lovehouse.mi
795834,跳一跳2,休闲创意,com.ltws.jump2.mt
797435,射子弹先生,休闲创意,com.mr.bullet.puzzlespying.bnn
801615,愤怒的小鸟时空之旅,休闲创意,com.talkweb.abspace.mi
802110,吸尘器大作战,休闲创意,com.bwm.vacio.gtx
804830,超级摩托赛车游戏,赛车体育,com.fg.crazy.bike.traffic.racer.free.fhp
804858,逃亡的超人-火柴人城市英雄,动作枪战,com.kuiyi.twdcr.game.mi
805211,小小精灵,网游RPG,com.duomi.xxjl.mi
805240,厕所时间,休闲创意,com.doner.juegoswc.mt
805332,穿越前线：反恐使命,动作枪战,com.combat.strikepro.bnn
805361,变形金刚：龙卷风机器人,动作枪战,com.brilliantgamez.tornado.robot.car.free.games.xsl
807848,未来机甲决战,战争策略,com.maichi.wljj.mi
807860,街球艺术,赛车体育,com.zqgame.jqys.mi
810491,公交车游戏,模拟经营,com.riv3r.citybusdriver.gtx
810829,野生老虎模拟器,模拟经营,com.rcgames.wildtigersimulator.gtx
812301,全面战争模拟器,休闲创意,com.dw.battle1.xsl
812313,真实汽车模拟驾驶2018,模拟经营,com.kingogames.caraccident2018.dbzq.m
812431,蜘蛛侠2,动作枪战,com.psp.game034.bnn
966386,超级飞侠乐迪加速,跑酷闯关,com.joym.lodiaccelerated.mi
966853,疯狂玩星星消消消,休闲创意,com.jhgame.xxx.mi
966863,海底大猎杀,模拟经营,com.integer.sharksharkrun.bnn
967980,超级火柴人英雄,动作枪战,com.peakx.stickfight.and.occident.bnn
986208,恐怖冰淇淋2攻略,休闲创意,com.teameplerians.IceCream.game.horror.xcw
59911,一起来跳舞,休闲创意,com.ttx5.mi
75452,欢乐泡泡龙,休闲创意,com.gamejoy.saga.bubblebubble
83910,三国志-霸王的大陆,休闲创意,com.bwddl.xun
87495,丛林祖玛,休闲创意,com.lofty.game.marbleblast2015
89096,史上最坑爹的游戏2,休闲创意,com.ipeaksoft.pitDadGame2
92702,消灭水果星星,休闲创意,com.ymmstudio.popstar
98798,弹弹堂S,网游RPG,com.ddtankfcb.hxsy.mi
115291,玩具塔防2,塔防迷宫,com.melesta.toydefense2
124037,密室逃脱逃出办公室3,休闲创意,com.martian.RoomEscape3.mi
202020,密室逃脱探索地库6,休闲创意,com.martian.RoomEscape6.mi
263120,口袋妖怪：釉色,休闲创意,gba.xl.kdyg.sy000000
278323,暖暖的换装物语,模拟经营,com.digiwill.huanzhuang.mi
288242,割绳子：魔法,休闲创意,com.zeptolab.ctrm.free.NonCMCC.mi
312309,弹弹岛2,动作枪战,com.wyd.hero.dandandao.mi
329556,兽王争霸-动物塔防卡牌合成,塔防迷宫,com.xy.kom.mi
396111,口袋妖怪3ds,网游RPG,com.jbgames.kdyg3ds.mi
428221,奥特曼超人大战小怪兽,休闲创意,com.sg.ultramanheros.mi
430381,魔域手游,网游RPG,com.xishanju.mysy.mi
440402,家园 完美版,模拟经营,com.hg.townsmen7_1.elm
441873,大狩猎,休闲创意,com.kakarod.bighunter.elm
443176,大富豪3,模拟经营,com.yaowan.dfh3.mi
446680,密室逃脱13秘密任务,休闲创意,com.martian.RoomEscape13.mi
447764,帝国时代,战争策略,com.gamewinner.dgsd.mi
454092,征途2,网游RPG,com.ztgame.fir.mi
456287,绳索英雄,动作枪战,com.mgc.rope.hero.kyx.m
780866,精灵萌宝贝,网游RPG,com.jlmbb.mi
780893,做饭游戏果汁制作,休闲创意,com.melestudio.juicemaking.mi
783459,末日审判：生化丧尸,动作枪战,com.zombiesurvival.fpssnipergame.mt
784004,俄罗斯方块消消乐,休闲创意,com.yunbu.tetirs.mi
784456,高中女生：校园生活模拟,休闲创意,com.play.io.High.School.Head.Girl.Campus.Life.Simulator.elm
785745,飞机战机模拟对战-空袭大战,飞行空战,com.legend.flightsimulator.mi
786233,套圈游戏,休闲创意,com.abula.nightmarket.elm
789377,3D开车教室,赛车体育,com0.Company.ProductName1.mt
789900,数字填色画画,休闲创意,com.inapp.no.paint.color.by.number.coloring.dbzq.m
791389,圈地占领大作战,休闲创意,com.hg.hexsnake.pt
794905,节奏光剑,休闲创意,com.company.beatbeastsaber.elm
795349,小黄人地铁跑酷,休闲创意,com.desert.SubwayAdventureRush.bnn
795700,爱情公寓消消消,休闲创意,com.pavostudio.lovehouse.mi
795834,跳一跳2,休闲创意,com.ltws.jump2.mt
797435,射子弹先生,休闲创意,com.mr.bullet.puzzlespying.bnn
801615,愤怒的小鸟时空之旅,休闲创意,com.talkweb.abspace.mi
802110,吸尘器大作战,休闲创意,com.bwm.vacio.gtx
804830,超级摩托赛车游戏,赛车体育,com.fg.crazy.bike.traffic.racer.free.fhp
804858,逃亡的超人-火柴人城市英雄,动作枪战,com.kuiyi.twdcr.game.mi
805211,小小精灵,网游RPG,com.duomi.xxjl.mi
805240,厕所时间,休闲创意,com.doner.juegoswc.mt
805332,穿越前线：反恐使命,动作枪战,com.combat.strikepro.bnn
805361,变形金刚：龙卷风机器人,动作枪战,com.brilliantgamez.tornado.robot.car.free.games.xsl
807848,未来机甲决战,战争策略,com.maichi.wljj.mi
807860,街球艺术,赛车体育,com.zqgame.jqys.mi
810491,公交车游戏,模拟经营,com.riv3r.citybusdriver.gtx
810829,野生老虎模拟器,模拟经营,com.rcgames.wildtigersimulator.gtx
812301,全面战争模拟器,休闲创意,com.dw.battle1.xsl
812313,真实汽车模拟驾驶2018,模拟经营,com.kingogames.caraccident2018.dbzq.m
812431,蜘蛛侠2,动作枪战,com.psp.game034.bnn
966386,超级飞侠乐迪加速,跑酷闯关,com.joym.lodiaccelerated.mi
966853,疯狂玩星星消消消,休闲创意,com.jhgame.xxx.mi
966863,海底大猎杀,模拟经营,com.integer.sharksharkrun.bnn
967980,超级火柴人英雄,动作枪战,com.peakx.stickfight.and.occident.bnn
986208,恐怖冰淇淋2攻略,休闲创意,com.teameplerians.IceCream.game.horror.xcw
59911,一起来跳舞,休闲创意,com.ttx5.mi
75452,欢乐泡泡龙,休闲创意,com.gamejoy.saga.bubblebubble
83910,三国志-霸王的大陆,休闲创意,com.bwddl.xun
87495,丛林祖玛,休闲创意,com.lofty.game.marbleblast2015
89096,史上最坑爹的游戏2,休闲创意,com.ipeaksoft.pitDadGame2
92702,消灭水果星星,休闲创意,com.ymmstudio.popstar
98798,弹弹堂S,网游RPG,com.ddtankfcb.hxsy.mi
115291,玩具塔防2,塔防迷宫,com.melesta.toydefense2
124037,密室逃脱逃出办公室3,休闲创意,com.martian.RoomEscape3.mi
202020,密室逃脱探索地库6,休闲创意,com.martian.RoomEscape6.mi
263120,口袋妖怪：釉色,休闲创意,gba.xl.kdyg.sy000000
278323,暖暖的换装物语,模拟经营,com.digiwill.huanzhuang.mi
288242,割绳子：魔法,休闲创意,com.zeptolab.ctrm.free.NonCMCC.mi
312309,弹弹岛2,动作枪战,com.wyd.hero.dandandao.mi
329556,兽王争霸-动物塔防卡牌合成,塔防迷宫,com.xy.kom.mi
396111,口袋妖怪3ds,网游RPG,com.jbgames.kdyg3ds.mi
428221,奥特曼超人大战小怪兽,休闲创意,com.sg.ultramanheros.mi
430381,魔域手游,网游RPG,com.xishanju.mysy.mi
440402,家园 完美版,模拟经营,com.hg.townsmen7_1.elm
441873,大狩猎,休闲创意,com.kakarod.bighunter.elm
443176,大富豪3,模拟经营,com.yaowan.dfh3.mi
446680,密室逃脱13秘密任务,休闲创意,com.martian.RoomEscape13.mi
447764,帝国时代,战争策略,com.gamewinner.dgsd.mi
454092,征途2,网游RPG,com.ztgame.fir.mi
456287,绳索英雄,动作枪战,com.mgc.rope.hero.kyx.m
670944,决斗之城2,网游RPG,com.jdzc2.mi
678319,模拟市民,模拟经营,com.ea.gp.simsmobile.dbzq.m
679310,全民冠军足球2018,赛车体育,com.tencent.zqry2018
679555,猴子很忙,休闲创意,com.joyclap.hzhm.mi
679805,忍者刺客,休闲创意,com.chayra.ninja.mg
682708,蜘蛛侠之城市英雄,动作枪战,com.fsg.ropehero.flyinghero.spider.game.mg
683134,口袋妖怪：白2,网游RPG,com.xcnds.kdygb2.mt
683148,极不可能的轨道特技赛车,赛车体育,com.impossible.tracks.real.race.games.mt
683154,模拟生活开车,赛车体育,com.idbsstudio.indonesiatrucksimulator.mt
684329,火柴人毁灭3,休闲创意,com.stickman.destruction.annihilation3.mg
685569,单机游戏生存世界,休闲创意,com.candyrufusgames.survivalcrafttrial.mg
687960,坦克大战,动作枪战,com.sgs.ClashOfTanks.dbzq.m
689108,死亡楼梯车,赛车体育,com.deathstair.carcrash.bumpsdrive.falldown.mt
689286,火柴人越狱7,休闲创意,air.ssem.mt
689309,小猪佩奇：开车,休闲创意,fr.worldofpeppapiggame.snowyroad.mt
691148,女朋友模拟器,模拟经营,com.kidssimstudio.virtual.girlfiend.schoolcrush.game.dbzq.m
691785,拉斯维加斯都市模拟,动作枪战,com.mgc.miami.crime.simulator.two.dbzq.m
693500,透明屏幕模拟器,休闲创意,com.m2c.studio.transparent.screen.dbzq.m
693561,城市警察狙击手2018,动作枪战,com.gss.shooter.city.police.sniper.dbzq.m
693563,七彩黏液制作模拟,休闲创意,com.oka.howto.makeslime.dbzq.m
693579,托马斯和朋友：魔幻铁路,休闲创意,com.budgestudios.googleplay.ThomasAndFriendsMagicalTracks.dbzq.m
694166,真心话大冒险,休闲创意,com.truthordare.pro.dbzq.m
694191,仙剑奇侠传四,网游RPG,com.tencent.xishanju.xj4
694289,虚拟女朋友亿万富翁爱情故事,模拟经营,com.aniascreation.virtual.villagers.girlfriend.gym.boyfriend.dbzq.m
695119,恋爱攻略3,休闲创意,com.googleplay.lianai.dbzq.m
695147,装扮洛丽塔,休闲创意,cn.qz.lolita.avatarfactory
695271,汽车人英雄,动作枪战,com.nc.pickup.truck.robot.dbzq.m
695481,辐射：避难所Online,模拟经营,com.shandagames.shelter.mi
696964,真实赛车模拟,模拟经营,com.pickle.RealDriftSimulator.dbzq.m
697334,围城大作战2,休闲创意,com.lj.wcdzz2.mi
697427,赛车大逃亡,赛车体育,com.racings.battleroyale.mt
697438,像素人吃鸡为王,休闲创意,com.onetongames.kingofthehill.mt
698432,妈妈不让我看电视,休闲创意,com.tygame.g37
698959,恐龙模拟游戏,动作枪战,com.rg.dinosaursimulation.dbzq.m
722609,吉他模拟器,模拟经营,com.bigbeep.guitar.dbzq.m
723737,迈阿密：自由之城2,动作枪战,com.mgc.miami.crime.simulator.second.dbzq.m
724239,像素世界：小马宝莉,休闲创意,com.tinydragonadventuregames.crafting.unicorn.girls.mt
724427,疯狂吃鸡战,动作枪战,com.tihami.max.shooting.city.battle.dbzq.m
724460,真实汽车驾驶模拟,赛车体育,com.nullapp.racer.incarracing.dbzq.m
724761,恐龙主题公园世界,休闲创意,com.survivalcrafting.mine.theme.park.craft.rollercoaster.tycoon.dbzq.m
724873,奥特曼兄弟,格斗快打,com.dweb.ultramantapbrothers.dbzq.m
724906,可爱女孩化妆游戏,休闲创意,com.starfunzone.fashion.girls.makeover.salon.spa.dbzq.m
726799,小公主苏菲亚冒险,跑酷闯关,com.adventure.princesssofia.free.run.world.game.dbzq.m
728049,童话公主化妆,休闲创意,com.kiwigo.makeupfairyprincess.free.dbzq.m
728271,圣诞跑酷,跑酷闯关,com.frozen.subway.santa.run.santaclaus.dbzq.m
728324,水上乐园之旅,休闲创意,com.freegames.waterslide.mg
729601,出租车模拟器2019,模拟经营,com.ruif.citi.taxi.ola.ada.alma.forget.blinker.mt
737267,美食兄妹-海岛餐厅,儿童益智,com.libii.chefpair.mi
737726,爸爸把我锁在家里了,休闲创意,com.zsfz.bbbwszjll.mi
740883,大王不高兴,网游RPG,com.bilibili.dwbgx.mi
741645,公交车接客模拟器,休闲创意,com.xlei.bus.driver.autobus.sim.twist.horn.toll.mt
744664,小黄人大跑酷,跑酷闯关,com.game.run.rush.banana.arcade.dash.ben.ben.mt
750059,可乐被弟弟喝掉了,休闲创意,com.zsfz.klbddhdl.mi
750060,火车模拟专业版2018,模拟经营,com.mageeks.android.trainsimulator.dbzq.m
752319,蜘蛛侠2：终极维度,动作枪战,com.slsspider2.ultimatedimensions.dbzq.m
752346,滚动球球大作战,休闲创意,com.mars.crazyballs.dbzq.m
752976,赛车地平线,休闲创意,com.RoosterGames.Racinghorizon.mg
753638,水上乐园模拟器,休闲创意,com.gc.waterpark.tricky.stuntman.run.simulator.mt
754376,病娇女生模拟器,格斗快打,com.TsungireGames.YangireSimulator.mg
755513,水果消消乐,休闲创意,com.match3timuz.matchparadise.fhp
670944,决斗之城2,网游RPG,com.jdzc2.mi
678319,模拟市民,模拟经营,com.ea.gp.simsmobile.dbzq.m
679310,全民冠军足球2018,赛车体育,com.tencent.zqry2018
679555,猴子很忙,休闲创意,com.joyclap.hzhm.mi
679805,忍者刺客,休闲创意,com.chayra.ninja.mg
682708,蜘蛛侠之城市英雄,动作枪战,com.fsg.ropehero.flyinghero.spider.game.mg
683134,口袋妖怪：白2,网游RPG,com.xcnds.kdygb2.mt
683148,极不可能的轨道特技赛车,赛车体育,com.impossible.tracks.real.race.games.mt
683154,模拟生活开车,赛车体育,com.idbsstudio.indonesiatrucksimulator.mt
684329,火柴人毁灭3,休闲创意,com.stickman.destruction.annihilation3.mg
685569,单机游戏生存世界,休闲创意,com.candyrufusgames.survivalcrafttrial.mg
687960,坦克大战,动作枪战,com.sgs.ClashOfTanks.dbzq.m
689108,死亡楼梯车,赛车体育,com.deathstair.carcrash.bumpsdrive.falldown.mt
689286,火柴人越狱7,休闲创意,air.ssem.mt
689309,小猪佩奇：开车,休闲创意,fr.worldofpeppapiggame.snowyroad.mt
691148,女朋友模拟器,模拟经营,com.kidssimstudio.virtual.girlfiend.schoolcrush.game.dbzq.m
691785,拉斯维加斯都市模拟,动作枪战,com.mgc.miami.crime.simulator.two.dbzq.m
693500,透明屏幕模拟器,休闲创意,com.m2c.studio.transparent.screen.dbzq.m
693561,城市警察狙击手2018,动作枪战,com.gss.shooter.city.police.sniper.dbzq.m
693563,七彩黏液制作模拟,休闲创意,com.oka.howto.makeslime.dbzq.m
693579,托马斯和朋友：魔幻铁路,休闲创意,com.budgestudios.googleplay.ThomasAndFriendsMagicalTracks.dbzq.m
694166,真心话大冒险,休闲创意,com.truthordare.pro.dbzq.m
694191,仙剑奇侠传四,网游RPG,com.tencent.xishanju.xj4
694289,虚拟女朋友亿万富翁爱情故事,模拟经营,com.aniascreation.virtual.villagers.girlfriend.gym.boyfriend.dbzq.m
695119,恋爱攻略3,休闲创意,com.googleplay.lianai.dbzq.m
695147,装扮洛丽塔,休闲创意,cn.qz.lolita.avatarfactory
695271,汽车人英雄,动作枪战,com.nc.pickup.truck.robot.dbzq.m
695481,辐射：避难所Online,模拟经营,com.shandagames.shelter.mi
696964,真实赛车模拟,模拟经营,com.pickle.RealDriftSimulator.dbzq.m
697334,围城大作战2,休闲创意,com.lj.wcdzz2.mi
801554,糖果消消乐,休闲创意,com.sweetgame.candy.xsl
802096,托卡发廊2,休闲创意,com.tocaboca.hairsalon2.iap.gtx
803446,梦想美发屋,模拟经营,com.yunbu.dreamhairshop.mi
804051,深海大作战,动作枪战,com.ouwi.deeeep.two.xsl
806260,火柴蜘蛛英雄,格斗快打,com.gt.gangsterheros.stickmangangsters.openworldgames.gtx
807339,越郁,休闲创意,com.UU.tw.xsl
812409,完全假面骑士 骑士世纪2,动作枪战,com.psp.game035.bnn
813773,千纹时空-荣耀狙击,动作枪战,com.yunbu.sniperhonor.mi
813950,恐龙袭击模拟器2019,动作枪战,com.gt.wildattack.dinosaurcity.deadlydino.huntercity.xsl
813981,双人：坦克对决,休闲创意,com.joy4touch.toytankvstank.gtx
814974,神庙逃亡酷跑,跑酷闯关,com.ifreegame.templejunglerunoz.dbzq.m
815040,欧洲卡车驾驶模拟器2019,赛车体育,com.chaca.euro.truck.driver.heavy.carogo.truck.driving.delivery.xsl
815381,水上乐园滑行大作战,休闲创意,com.aqua.slide.bnn
815927,城市王者,动作枪战,com.cswz.lswjsfzc.mi
816414,恐怖的海绵宝宝,休闲创意,com.tinysponge.sponge.neighbor.gtx
817074,火车轨道模拟器2019,赛车体育,com.ruif.real.train.simulator.nbk.rowdy.luggage.mt
818535,公路丧尸大战：僵尸射击精英,休闲创意,sk.inlogic.hillzombieracingearntodie.gtx
819716,宝马X7模拟器,赛车体育,com.fazogames.x7simulatorpro.xsl
820272,蜘蛛火柴人绳索英雄2,休闲创意,spider.stickman.gta.man.vagas.crime.gangstar.gtx
821104,精英突击战,动作枪战,com.ddy.jytjz.mi
822397,客车模拟器,模拟经营,com.zuuks.bus.simulator.ultimate.bnn
822414,婚纱裁缝游戏：公主精品店,休闲创意,com.kiwigo.weddingdressmaker.free.dbzq.m
824969,史密斯奶奶,休闲创意,com.mediocre.grannysmith.bnn
828338,糖果消消消,休闲创意,com.crazybuzz.candycrackmania.free.gtx
832956,火线突击：生存竞技唱,动作枪战,com.firingsquad.battleground.survival.royale.bnn
834360,僵尸战争：世界大战,战争策略,world.war.strategy.zombie.waves.xsl
834394,二战军队战争模拟器,战争策略,ws.world.war2.european.battles.ii.xsl
835384,小花仙精灵乐园,模拟经营,cn.ultralisk.game58.mi
842266,坦克大作战,动作枪战,com.melestudio.TankClassic.mi
842520,桌面冰球王者-双人战,休闲创意,com.yunbu.hockey.mi
